id	result	run_ids	assertion_map	limitation
1.1.1	implemented_unverified		inventory.md row 1.1.1	Full current assertion not executed: focused prerequisite failure blocks release evaluation; retirements/replacements retain the explicit inventory disposition.
1.1.2	implemented_unverified		inventory.md row 1.1.2	Full current assertion not executed: focused prerequisite failure blocks release evaluation; retirements/replacements retain the explicit inventory disposition.
1.1.3	implemented_unverified		inventory.md row 1.1.3	Full current assertion not executed: focused prerequisite failure blocks release evaluation; retirements/replacements retain the explicit inventory disposition.
1.1.4	implemented_unverified		inventory.md row 1.1.4	Full current assertion not executed: focused prerequisite failure blocks release evaluation; retirements/replacements retain the explicit inventory disposition.
1.1.5	implemented_unverified		inventory.md row 1.1.5	Full current assertion not executed: focused prerequisite failure blocks release evaluation; retirements/replacements retain the explicit inventory disposition.
1.1.6	implemented_unverified		inventory.md row 1.1.6	Full current assertion not executed: focused prerequisite failure blocks release evaluation; retirements/replacements retain the explicit inventory disposition.
1.1.7	implemented_unverified		inventory.md row 1.1.7	Full current assertion not executed: focused prerequisite failure blocks release evaluation; retirements/replacements retain the explicit inventory disposition.
1.1.8	implemented_unverified		inventory.md row 1.1.8	Full current assertion not executed: focused prerequisite failure blocks release evaluation; retirements/replacements retain the explicit inventory disposition.
1.1.9	implemented_unverified		inventory.md row 1.1.9	Full current assertion not executed: focused prerequisite failure blocks release evaluation; retirements/replacements retain the explicit inventory disposition.
1.1.10	implemented_unverified		inventory.md row 1.1.10	Full current assertion not executed: focused prerequisite failure blocks release evaluation; retirements/replacements retain the explicit inventory disposition.
1.1.11	implemented_unverified		inventory.md row 1.1.11	Full current assertion not executed: focused prerequisite failure blocks release evaluation; retirements/replacements retain the explicit inventory disposition.
1.1.12	implemented_unverified		inventory.md row 1.1.12	Full current assertion not executed: focused prerequisite failure blocks release evaluation; retirements/replacements retain the explicit inventory disposition.
1.1.13	implemented_unverified		inventory.md row 1.1.13	Full current assertion not executed: focused prerequisite failure blocks release evaluation; retirements/replacements retain the explicit inventory disposition.
1.1.14	implemented_unverified		inventory.md row 1.1.14	Full current assertion not executed: focused prerequisite failure blocks release evaluation; retirements/replacements retain the explicit inventory disposition.
1.1.15	implemented_unverified		inventory.md row 1.1.15	Full current assertion not executed: focused prerequisite failure blocks release evaluation; retirements/replacements retain the explicit inventory disposition.
1.1.16	implemented_unverified		inventory.md row 1.1.16	Full current assertion not executed: focused prerequisite failure blocks release evaluation; retirements/replacements retain the explicit inventory disposition.
1.1.17	implemented_unverified		inventory.md row 1.1.17	Full current assertion not executed: focused prerequisite failure blocks release evaluation; retirements/replacements retain the explicit inventory disposition.
1.1.18	implemented_unverified		inventory.md row 1.1.18	Full current assertion not executed: focused prerequisite failure blocks release evaluation; retirements/replacements retain the explicit inventory disposition.
1.1.19	implemented_unverified		inventory.md row 1.1.19	Full current assertion not executed: focused prerequisite failure blocks release evaluation; retirements/replacements retain the explicit inventory disposition.
1.1.20	implemented_unverified		inventory.md row 1.1.20	Full current assertion not executed: focused prerequisite failure blocks release evaluation; retirements/replacements retain the explicit inventory disposition.
1.1.21	implemented_unverified		inventory.md row 1.1.21	Full current assertion not executed: focused prerequisite failure blocks release evaluation; retirements/replacements retain the explicit inventory disposition.
1.1.22	implemented_unverified		inventory.md row 1.1.22	Full current assertion not executed: focused prerequisite failure blocks release evaluation; retirements/replacements retain the explicit inventory disposition.
1.1.23	implemented_unverified		inventory.md row 1.1.23	Full current assertion not executed: focused prerequisite failure blocks release evaluation; retirements/replacements retain the explicit inventory disposition.
1.1.24	implemented_unverified		inventory.md row 1.1.24	Full current assertion not executed: focused prerequisite failure blocks release evaluation; retirements/replacements retain the explicit inventory disposition.
1.1.25	implemented_unverified		inventory.md row 1.1.25	Full current assertion not executed: focused prerequisite failure blocks release evaluation; retirements/replacements retain the explicit inventory disposition.
1.1.26	implemented_unverified		inventory.md row 1.1.26	Full current assertion not executed: focused prerequisite failure blocks release evaluation; retirements/replacements retain the explicit inventory disposition.
1.1.27	implemented_unverified		inventory.md row 1.1.27	Full current assertion not executed: focused prerequisite failure blocks release evaluation; retirements/replacements retain the explicit inventory disposition.
1.1.28	implemented_unverified		inventory.md row 1.1.28	Full current assertion not executed: focused prerequisite failure blocks release evaluation; retirements/replacements retain the explicit inventory disposition.
1.2.1	implemented_unverified		inventory.md row 1.2.1	Full current assertion not executed: focused prerequisite failure blocks release evaluation; retirements/replacements retain the explicit inventory disposition.
1.2.2	implemented_unverified		inventory.md row 1.2.2	Full current assertion not executed: focused prerequisite failure blocks release evaluation; retirements/replacements retain the explicit inventory disposition.
1.2.3	implemented_unverified		inventory.md row 1.2.3	Full current assertion not executed: focused prerequisite failure blocks release evaluation; retirements/replacements retain the explicit inventory disposition.
1.2.4	implemented_unverified		inventory.md row 1.2.4	Full current assertion not executed: focused prerequisite failure blocks release evaluation; retirements/replacements retain the explicit inventory disposition.
1.2.5	implemented_unverified		inventory.md row 1.2.5	Full current assertion not executed: focused prerequisite failure blocks release evaluation; retirements/replacements retain the explicit inventory disposition.
1.2.6	implemented_unverified		inventory.md row 1.2.6	Full current assertion not executed: focused prerequisite failure blocks release evaluation; retirements/replacements retain the explicit inventory disposition.
1.2.7	implemented_unverified		inventory.md row 1.2.7	Full current assertion not executed: focused prerequisite failure blocks release evaluation; retirements/replacements retain the explicit inventory disposition.
1.2.8	implemented_unverified		inventory.md row 1.2.8	Full current assertion not executed: focused prerequisite failure blocks release evaluation; retirements/replacements retain the explicit inventory disposition.
1.2.9	implemented_unverified		inventory.md row 1.2.9	Full current assertion not executed: focused prerequisite failure blocks release evaluation; retirements/replacements retain the explicit inventory disposition.
1.2.10	implemented_unverified		inventory.md row 1.2.10	Full current assertion not executed: focused prerequisite failure blocks release evaluation; retirements/replacements retain the explicit inventory disposition.
1.2.11	implemented_unverified		inventory.md row 1.2.11	Full current assertion not executed: focused prerequisite failure blocks release evaluation; retirements/replacements retain the explicit inventory disposition.
1.2.12	implemented_unverified		inventory.md row 1.2.12	Full current assertion not executed: focused prerequisite failure blocks release evaluation; retirements/replacements retain the explicit inventory disposition.
1.2.13	implemented_unverified		inventory.md row 1.2.13	Full current assertion not executed: focused prerequisite failure blocks release evaluation; retirements/replacements retain the explicit inventory disposition.
1.2.14	implemented_unverified		inventory.md row 1.2.14	Full current assertion not executed: focused prerequisite failure blocks release evaluation; retirements/replacements retain the explicit inventory disposition.
1.3.1	implemented_unverified		inventory.md row 1.3.1	Full current assertion not executed: focused prerequisite failure blocks release evaluation; retirements/replacements retain the explicit inventory disposition.
1.3.2	implemented_unverified		inventory.md row 1.3.2	Full current assertion not executed: focused prerequisite failure blocks release evaluation; retirements/replacements retain the explicit inventory disposition.
1.3.3	implemented_unverified		inventory.md row 1.3.3	Full current assertion not executed: focused prerequisite failure blocks release evaluation; retirements/replacements retain the explicit inventory disposition.
1.3.4	implemented_unverified		inventory.md row 1.3.4	Full current assertion not executed: focused prerequisite failure blocks release evaluation; retirements/replacements retain the explicit inventory disposition.
1.3.5	implemented_unverified		inventory.md row 1.3.5	Full current assertion not executed: focused prerequisite failure blocks release evaluation; retirements/replacements retain the explicit inventory disposition.
1.3.6	implemented_unverified		inventory.md row 1.3.6	Full current assertion not executed: focused prerequisite failure blocks release evaluation; retirements/replacements retain the explicit inventory disposition.
1.3.7	implemented_unverified		inventory.md row 1.3.7	Full current assertion not executed: focused prerequisite failure blocks release evaluation; retirements/replacements retain the explicit inventory disposition.
1.3.8	implemented_unverified		inventory.md row 1.3.8	Full current assertion not executed: focused prerequisite failure blocks release evaluation; retirements/replacements retain the explicit inventory disposition.
1.3.9	implemented_unverified		inventory.md row 1.3.9	Full current assertion not executed: focused prerequisite failure blocks release evaluation; retirements/replacements retain the explicit inventory disposition.
1.3.10	implemented_unverified		inventory.md row 1.3.10	Full current assertion not executed: focused prerequisite failure blocks release evaluation; retirements/replacements retain the explicit inventory disposition.
1.3.11	implemented_unverified		inventory.md row 1.3.11	Full current assertion not executed: focused prerequisite failure blocks release evaluation; retirements/replacements retain the explicit inventory disposition.
1.3.12	implemented_unverified		inventory.md row 1.3.12	Full current assertion not executed: focused prerequisite failure blocks release evaluation; retirements/replacements retain the explicit inventory disposition.
1.3.13	implemented_unverified		inventory.md row 1.3.13	Full current assertion not executed: focused prerequisite failure blocks release evaluation; retirements/replacements retain the explicit inventory disposition.
1.3.14	implemented_unverified		inventory.md row 1.3.14	Full current assertion not executed: focused prerequisite failure blocks release evaluation; retirements/replacements retain the explicit inventory disposition.
1.3.15	implemented_unverified		inventory.md row 1.3.15	Full current assertion not executed: focused prerequisite failure blocks release evaluation; retirements/replacements retain the explicit inventory disposition.
1.3.16	implemented_unverified		inventory.md row 1.3.16	Full current assertion not executed: focused prerequisite failure blocks release evaluation; retirements/replacements retain the explicit inventory disposition.
1.3.17	implemented_unverified		inventory.md row 1.3.17	Full current assertion not executed: focused prerequisite failure blocks release evaluation; retirements/replacements retain the explicit inventory disposition.
1.4.1	implemented_unverified		inventory.md row 1.4.1	Full current assertion not executed: focused prerequisite failure blocks release evaluation; retirements/replacements retain the explicit inventory disposition.
1.4.2	implemented_unverified		inventory.md row 1.4.2	Full current assertion not executed: focused prerequisite failure blocks release evaluation; retirements/replacements retain the explicit inventory disposition.
1.4.3	implemented_unverified		inventory.md row 1.4.3	Full current assertion not executed: focused prerequisite failure blocks release evaluation; retirements/replacements retain the explicit inventory disposition.
1.4.4	implemented_unverified		inventory.md row 1.4.4	Full current assertion not executed: focused prerequisite failure blocks release evaluation; retirements/replacements retain the explicit inventory disposition.
1.4.5	implemented_unverified		inventory.md row 1.4.5	Full current assertion not executed: focused prerequisite failure blocks release evaluation; retirements/replacements retain the explicit inventory disposition.
1.4.6	implemented_unverified		inventory.md row 1.4.6	Full current assertion not executed: focused prerequisite failure blocks release evaluation; retirements/replacements retain the explicit inventory disposition.
1.4.7	implemented_unverified		inventory.md row 1.4.7	Full current assertion not executed: focused prerequisite failure blocks release evaluation; retirements/replacements retain the explicit inventory disposition.
1.4.8	implemented_unverified		inventory.md row 1.4.8	Full current assertion not executed: focused prerequisite failure blocks release evaluation; retirements/replacements retain the explicit inventory disposition.
1.4.9	implemented_unverified		inventory.md row 1.4.9	Full current assertion not executed: focused prerequisite failure blocks release evaluation; retirements/replacements retain the explicit inventory disposition.
1.4.10	implemented_unverified		inventory.md row 1.4.10	Full current assertion not executed: focused prerequisite failure blocks release evaluation; retirements/replacements retain the explicit inventory disposition.
1.4.11	implemented_unverified		inventory.md row 1.4.11	Full current assertion not executed: focused prerequisite failure blocks release evaluation; retirements/replacements retain the explicit inventory disposition.
1.4.12	implemented_unverified		inventory.md row 1.4.12	Full current assertion not executed: focused prerequisite failure blocks release evaluation; retirements/replacements retain the explicit inventory disposition.
1.4.13	implemented_unverified		inventory.md row 1.4.13	Full current assertion not executed: focused prerequisite failure blocks release evaluation; retirements/replacements retain the explicit inventory disposition.
1.4.14	implemented_unverified		inventory.md row 1.4.14	Full current assertion not executed: focused prerequisite failure blocks release evaluation; retirements/replacements retain the explicit inventory disposition.
1.4.15	implemented_unverified		inventory.md row 1.4.15	Full current assertion not executed: focused prerequisite failure blocks release evaluation; retirements/replacements retain the explicit inventory disposition.
1.4.16	implemented_unverified		inventory.md row 1.4.16	Full current assertion not executed: focused prerequisite failure blocks release evaluation; retirements/replacements retain the explicit inventory disposition.
1.4.17	implemented_unverified		inventory.md row 1.4.17	Full current assertion not executed: focused prerequisite failure blocks release evaluation; retirements/replacements retain the explicit inventory disposition.
1.5.1	implemented_unverified		inventory.md row 1.5.1	Full current assertion not executed: focused prerequisite failure blocks release evaluation; retirements/replacements retain the explicit inventory disposition.
1.5.2	implemented_unverified		inventory.md row 1.5.2	Full current assertion not executed: focused prerequisite failure blocks release evaluation; retirements/replacements retain the explicit inventory disposition.
1.5.3	implemented_unverified		inventory.md row 1.5.3	Full current assertion not executed: focused prerequisite failure blocks release evaluation; retirements/replacements retain the explicit inventory disposition.
1.5.4	implemented_unverified		inventory.md row 1.5.4	Full current assertion not executed: focused prerequisite failure blocks release evaluation; retirements/replacements retain the explicit inventory disposition.
1.5.5	implemented_unverified		inventory.md row 1.5.5	Full current assertion not executed: focused prerequisite failure blocks release evaluation; retirements/replacements retain the explicit inventory disposition.
1.5.6	implemented_unverified		inventory.md row 1.5.6	Full current assertion not executed: focused prerequisite failure blocks release evaluation; retirements/replacements retain the explicit inventory disposition.
1.5.7	implemented_unverified		inventory.md row 1.5.7	Full current assertion not executed: focused prerequisite failure blocks release evaluation; retirements/replacements retain the explicit inventory disposition.
1.5.8	implemented_unverified		inventory.md row 1.5.8	Full current assertion not executed: focused prerequisite failure blocks release evaluation; retirements/replacements retain the explicit inventory disposition.
1.5.9	implemented_unverified		inventory.md row 1.5.9	Full current assertion not executed: focused prerequisite failure blocks release evaluation; retirements/replacements retain the explicit inventory disposition.
1.5.10	implemented_unverified		inventory.md row 1.5.10	Full current assertion not executed: focused prerequisite failure blocks release evaluation; retirements/replacements retain the explicit inventory disposition.
1.5.11	implemented_unverified		inventory.md row 1.5.11	Full current assertion not executed: focused prerequisite failure blocks release evaluation; retirements/replacements retain the explicit inventory disposition.
1.5.12	implemented_unverified		inventory.md row 1.5.12	Full current assertion not executed: focused prerequisite failure blocks release evaluation; retirements/replacements retain the explicit inventory disposition.
1.5.13	implemented_unverified		inventory.md row 1.5.13	Full current assertion not executed: focused prerequisite failure blocks release evaluation; retirements/replacements retain the explicit inventory disposition.
1.5.14	implemented_unverified		inventory.md row 1.5.14	Full current assertion not executed: focused prerequisite failure blocks release evaluation; retirements/replacements retain the explicit inventory disposition.
1.5.15	implemented_unverified		inventory.md row 1.5.15	Full current assertion not executed: focused prerequisite failure blocks release evaluation; retirements/replacements retain the explicit inventory disposition.
1.5.16	implemented_unverified		inventory.md row 1.5.16	Full current assertion not executed: focused prerequisite failure blocks release evaluation; retirements/replacements retain the explicit inventory disposition.
1.5.17	implemented_unverified		inventory.md row 1.5.17	Full current assertion not executed: focused prerequisite failure blocks release evaluation; retirements/replacements retain the explicit inventory disposition.
1.5.18	implemented_unverified		inventory.md row 1.5.18	Full current assertion not executed: focused prerequisite failure blocks release evaluation; retirements/replacements retain the explicit inventory disposition.
1.5.19	implemented_unverified		inventory.md row 1.5.19	Full current assertion not executed: focused prerequisite failure blocks release evaluation; retirements/replacements retain the explicit inventory disposition.
1.5.20	implemented_unverified		inventory.md row 1.5.20	Full current assertion not executed: focused prerequisite failure blocks release evaluation; retirements/replacements retain the explicit inventory disposition.
1.5.21	implemented_unverified		inventory.md row 1.5.21	Full current assertion not executed: focused prerequisite failure blocks release evaluation; retirements/replacements retain the explicit inventory disposition.
1.6.1	implemented_unverified		inventory.md row 1.6.1	Full current assertion not executed: focused prerequisite failure blocks release evaluation; retirements/replacements retain the explicit inventory disposition.
1.6.2	implemented_unverified		inventory.md row 1.6.2	Full current assertion not executed: focused prerequisite failure blocks release evaluation; retirements/replacements retain the explicit inventory disposition.
1.6.3	implemented_unverified		inventory.md row 1.6.3	Full current assertion not executed: focused prerequisite failure blocks release evaluation; retirements/replacements retain the explicit inventory disposition.
1.6.4	implemented_unverified		inventory.md row 1.6.4	Full current assertion not executed: focused prerequisite failure blocks release evaluation; retirements/replacements retain the explicit inventory disposition.
1.6.5	implemented_unverified		inventory.md row 1.6.5	Full current assertion not executed: focused prerequisite failure blocks release evaluation; retirements/replacements retain the explicit inventory disposition.
1.6.6	implemented_unverified		inventory.md row 1.6.6	Full current assertion not executed: focused prerequisite failure blocks release evaluation; retirements/replacements retain the explicit inventory disposition.
1.6.7	implemented_unverified		inventory.md row 1.6.7	Full current assertion not executed: focused prerequisite failure blocks release evaluation; retirements/replacements retain the explicit inventory disposition.
1.6.8	implemented_unverified		inventory.md row 1.6.8	Full current assertion not executed: focused prerequisite failure blocks release evaluation; retirements/replacements retain the explicit inventory disposition.
1.6.9	implemented_unverified		inventory.md row 1.6.9	Full current assertion not executed: focused prerequisite failure blocks release evaluation; retirements/replacements retain the explicit inventory disposition.
1.6.10	implemented_unverified		inventory.md row 1.6.10	Full current assertion not executed: focused prerequisite failure blocks release evaluation; retirements/replacements retain the explicit inventory disposition.
1.6.11	implemented_unverified		inventory.md row 1.6.11	Full current assertion not executed: focused prerequisite failure blocks release evaluation; retirements/replacements retain the explicit inventory disposition.
1.6.12	implemented_unverified		inventory.md row 1.6.12	Full current assertion not executed: focused prerequisite failure blocks release evaluation; retirements/replacements retain the explicit inventory disposition.
1.6.13	implemented_unverified		inventory.md row 1.6.13	Full current assertion not executed: focused prerequisite failure blocks release evaluation; retirements/replacements retain the explicit inventory disposition.
1.6.14	implemented_unverified		inventory.md row 1.6.14	Full current assertion not executed: focused prerequisite failure blocks release evaluation; retirements/replacements retain the explicit inventory disposition.
1.6.15	implemented_unverified		inventory.md row 1.6.15	Full current assertion not executed: focused prerequisite failure blocks release evaluation; retirements/replacements retain the explicit inventory disposition.
1.6.16	implemented_unverified		inventory.md row 1.6.16	Full current assertion not executed: focused prerequisite failure blocks release evaluation; retirements/replacements retain the explicit inventory disposition.
1.6.17	implemented_unverified		inventory.md row 1.6.17	Full current assertion not executed: focused prerequisite failure blocks release evaluation; retirements/replacements retain the explicit inventory disposition.
1.6.18	implemented_unverified		inventory.md row 1.6.18	Full current assertion not executed: focused prerequisite failure blocks release evaluation; retirements/replacements retain the explicit inventory disposition.
1.6.19	implemented_unverified		inventory.md row 1.6.19	Full current assertion not executed: focused prerequisite failure blocks release evaluation; retirements/replacements retain the explicit inventory disposition.
1.6.20	implemented_unverified		inventory.md row 1.6.20	Full current assertion not executed: focused prerequisite failure blocks release evaluation; retirements/replacements retain the explicit inventory disposition.
1.6.21	implemented_unverified		inventory.md row 1.6.21	Full current assertion not executed: focused prerequisite failure blocks release evaluation; retirements/replacements retain the explicit inventory disposition.
1.7.1	implemented_unverified		inventory.md row 1.7.1	Full current assertion not executed: focused prerequisite failure blocks release evaluation; retirements/replacements retain the explicit inventory disposition.
1.7.2	implemented_unverified		inventory.md row 1.7.2	Full current assertion not executed: focused prerequisite failure blocks release evaluation; retirements/replacements retain the explicit inventory disposition.
1.7.3	implemented_unverified		inventory.md row 1.7.3	Full current assertion not executed: focused prerequisite failure blocks release evaluation; retirements/replacements retain the explicit inventory disposition.
1.7.4	implemented_unverified		inventory.md row 1.7.4	Full current assertion not executed: focused prerequisite failure blocks release evaluation; retirements/replacements retain the explicit inventory disposition.
1.7.5	implemented_unverified		inventory.md row 1.7.5	Full current assertion not executed: focused prerequisite failure blocks release evaluation; retirements/replacements retain the explicit inventory disposition.
1.7.6	implemented_unverified		inventory.md row 1.7.6	Full current assertion not executed: focused prerequisite failure blocks release evaluation; retirements/replacements retain the explicit inventory disposition.
1.7.7	implemented_unverified		inventory.md row 1.7.7	Full current assertion not executed: focused prerequisite failure blocks release evaluation; retirements/replacements retain the explicit inventory disposition.
1.7.8	implemented_unverified		inventory.md row 1.7.8	Full current assertion not executed: focused prerequisite failure blocks release evaluation; retirements/replacements retain the explicit inventory disposition.
1.7.9	implemented_unverified		inventory.md row 1.7.9	Full current assertion not executed: focused prerequisite failure blocks release evaluation; retirements/replacements retain the explicit inventory disposition.
1.7.10	implemented_unverified		inventory.md row 1.7.10	Full current assertion not executed: focused prerequisite failure blocks release evaluation; retirements/replacements retain the explicit inventory disposition.
1.7.11	implemented_unverified		inventory.md row 1.7.11	Full current assertion not executed: focused prerequisite failure blocks release evaluation; retirements/replacements retain the explicit inventory disposition.
1.7.12	implemented_unverified		inventory.md row 1.7.12	Full current assertion not executed: focused prerequisite failure blocks release evaluation; retirements/replacements retain the explicit inventory disposition.
1.7.13	implemented_unverified		inventory.md row 1.7.13	Full current assertion not executed: focused prerequisite failure blocks release evaluation; retirements/replacements retain the explicit inventory disposition.
1.7.14	implemented_unverified		inventory.md row 1.7.14	Full current assertion not executed: focused prerequisite failure blocks release evaluation; retirements/replacements retain the explicit inventory disposition.
1.8.1	implemented_unverified		inventory.md row 1.8.1	Full current assertion not executed: focused prerequisite failure blocks release evaluation; retirements/replacements retain the explicit inventory disposition.
1.8.2	implemented_unverified		inventory.md row 1.8.2	Full current assertion not executed: focused prerequisite failure blocks release evaluation; retirements/replacements retain the explicit inventory disposition.
1.8.3	implemented_unverified		inventory.md row 1.8.3	Full current assertion not executed: focused prerequisite failure blocks release evaluation; retirements/replacements retain the explicit inventory disposition.
1.8.4	implemented_unverified		inventory.md row 1.8.4	Full current assertion not executed: focused prerequisite failure blocks release evaluation; retirements/replacements retain the explicit inventory disposition.
1.8.5	implemented_unverified		inventory.md row 1.8.5	Full current assertion not executed: focused prerequisite failure blocks release evaluation; retirements/replacements retain the explicit inventory disposition.
1.8.6	implemented_unverified		inventory.md row 1.8.6	Full current assertion not executed: focused prerequisite failure blocks release evaluation; retirements/replacements retain the explicit inventory disposition.
1.8.7	implemented_unverified		inventory.md row 1.8.7	Full current assertion not executed: focused prerequisite failure blocks release evaluation; retirements/replacements retain the explicit inventory disposition.
1.8.8	implemented_unverified		inventory.md row 1.8.8	Full current assertion not executed: focused prerequisite failure blocks release evaluation; retirements/replacements retain the explicit inventory disposition.
1.8.9	implemented_unverified		inventory.md row 1.8.9	Full current assertion not executed: focused prerequisite failure blocks release evaluation; retirements/replacements retain the explicit inventory disposition.
1.8.10	implemented_unverified		inventory.md row 1.8.10	Full current assertion not executed: focused prerequisite failure blocks release evaluation; retirements/replacements retain the explicit inventory disposition.
1.8.11	implemented_unverified		inventory.md row 1.8.11	Full current assertion not executed: focused prerequisite failure blocks release evaluation; retirements/replacements retain the explicit inventory disposition.
1.8.12	implemented_unverified		inventory.md row 1.8.12	Full current assertion not executed: focused prerequisite failure blocks release evaluation; retirements/replacements retain the explicit inventory disposition.
1.8.13	implemented_unverified		inventory.md row 1.8.13	Full current assertion not executed: focused prerequisite failure blocks release evaluation; retirements/replacements retain the explicit inventory disposition.
1.8.14	implemented_unverified		inventory.md row 1.8.14	Full current assertion not executed: focused prerequisite failure blocks release evaluation; retirements/replacements retain the explicit inventory disposition.
1.8.15	implemented_unverified		inventory.md row 1.8.15	Full current assertion not executed: focused prerequisite failure blocks release evaluation; retirements/replacements retain the explicit inventory disposition.
1.9.1	implemented_unverified		inventory.md row 1.9.1	Full current assertion not executed: focused prerequisite failure blocks release evaluation; retirements/replacements retain the explicit inventory disposition.
1.9.2	implemented_unverified		inventory.md row 1.9.2	Full current assertion not executed: focused prerequisite failure blocks release evaluation; retirements/replacements retain the explicit inventory disposition.
1.9.3	implemented_unverified		inventory.md row 1.9.3	Full current assertion not executed: focused prerequisite failure blocks release evaluation; retirements/replacements retain the explicit inventory disposition.
1.9.4	implemented_unverified		inventory.md row 1.9.4	Full current assertion not executed: focused prerequisite failure blocks release evaluation; retirements/replacements retain the explicit inventory disposition.
1.9.5	implemented_unverified		inventory.md row 1.9.5	Full current assertion not executed: focused prerequisite failure blocks release evaluation; retirements/replacements retain the explicit inventory disposition.
1.9.6	implemented_unverified		inventory.md row 1.9.6	Full current assertion not executed: focused prerequisite failure blocks release evaluation; retirements/replacements retain the explicit inventory disposition.
1.9.7	implemented_unverified		inventory.md row 1.9.7	Full current assertion not executed: focused prerequisite failure blocks release evaluation; retirements/replacements retain the explicit inventory disposition.
1.9.8	implemented_unverified		inventory.md row 1.9.8	Full current assertion not executed: focused prerequisite failure blocks release evaluation; retirements/replacements retain the explicit inventory disposition.
1.9.9	implemented_unverified		inventory.md row 1.9.9	Full current assertion not executed: focused prerequisite failure blocks release evaluation; retirements/replacements retain the explicit inventory disposition.
1.9.10	implemented_unverified		inventory.md row 1.9.10	Full current assertion not executed: focused prerequisite failure blocks release evaluation; retirements/replacements retain the explicit inventory disposition.
1.9.11	implemented_unverified		inventory.md row 1.9.11	Full current assertion not executed: focused prerequisite failure blocks release evaluation; retirements/replacements retain the explicit inventory disposition.
1.9.12	implemented_unverified		inventory.md row 1.9.12	Full current assertion not executed: focused prerequisite failure blocks release evaluation; retirements/replacements retain the explicit inventory disposition.
1.9.13	implemented_unverified		inventory.md row 1.9.13	Full current assertion not executed: focused prerequisite failure blocks release evaluation; retirements/replacements retain the explicit inventory disposition.
1.10.1	implemented_unverified		inventory.md row 1.10.1	Full current assertion not executed: focused prerequisite failure blocks release evaluation; retirements/replacements retain the explicit inventory disposition.
1.10.2	implemented_unverified		inventory.md row 1.10.2	Full current assertion not executed: focused prerequisite failure blocks release evaluation; retirements/replacements retain the explicit inventory disposition.
1.10.3	implemented_unverified		inventory.md row 1.10.3	Full current assertion not executed: focused prerequisite failure blocks release evaluation; retirements/replacements retain the explicit inventory disposition.
1.10.4	implemented_unverified		inventory.md row 1.10.4	Full current assertion not executed: focused prerequisite failure blocks release evaluation; retirements/replacements retain the explicit inventory disposition.
1.10.5	implemented_unverified		inventory.md row 1.10.5	Full current assertion not executed: focused prerequisite failure blocks release evaluation; retirements/replacements retain the explicit inventory disposition.
1.10.6	implemented_unverified		inventory.md row 1.10.6	Full current assertion not executed: focused prerequisite failure blocks release evaluation; retirements/replacements retain the explicit inventory disposition.
1.10.7	implemented_unverified		inventory.md row 1.10.7	Full current assertion not executed: focused prerequisite failure blocks release evaluation; retirements/replacements retain the explicit inventory disposition.
1.10.8	implemented_unverified		inventory.md row 1.10.8	Full current assertion not executed: focused prerequisite failure blocks release evaluation; retirements/replacements retain the explicit inventory disposition.
1.10.9	implemented_unverified		inventory.md row 1.10.9	Full current assertion not executed: focused prerequisite failure blocks release evaluation; retirements/replacements retain the explicit inventory disposition.
1.10.10	implemented_unverified		inventory.md row 1.10.10	Full current assertion not executed: focused prerequisite failure blocks release evaluation; retirements/replacements retain the explicit inventory disposition.
1.10.11	implemented_unverified		inventory.md row 1.10.11	Full current assertion not executed: focused prerequisite failure blocks release evaluation; retirements/replacements retain the explicit inventory disposition.
1.10.12	implemented_unverified		inventory.md row 1.10.12	Full current assertion not executed: focused prerequisite failure blocks release evaluation; retirements/replacements retain the explicit inventory disposition.
1.10.13	implemented_unverified		inventory.md row 1.10.13	Full current assertion not executed: focused prerequisite failure blocks release evaluation; retirements/replacements retain the explicit inventory disposition.
1.10.14	implemented_unverified		inventory.md row 1.10.14	Full current assertion not executed: focused prerequisite failure blocks release evaluation; retirements/replacements retain the explicit inventory disposition.
1.10.15	implemented_unverified		inventory.md row 1.10.15	Full current assertion not executed: focused prerequisite failure blocks release evaluation; retirements/replacements retain the explicit inventory disposition.
1.10.16	implemented_unverified		inventory.md row 1.10.16	Full current assertion not executed: focused prerequisite failure blocks release evaluation; retirements/replacements retain the explicit inventory disposition.
1.10.17	implemented_unverified		inventory.md row 1.10.17	Full current assertion not executed: focused prerequisite failure blocks release evaluation; retirements/replacements retain the explicit inventory disposition.
1.10.18	implemented_unverified		inventory.md row 1.10.18	Full current assertion not executed: focused prerequisite failure blocks release evaluation; retirements/replacements retain the explicit inventory disposition.
1.10.19	implemented_unverified		inventory.md row 1.10.19	Full current assertion not executed: focused prerequisite failure blocks release evaluation; retirements/replacements retain the explicit inventory disposition.
1.11.1	implemented_unverified		inventory.md row 1.11.1	Full current assertion not executed: focused prerequisite failure blocks release evaluation; retirements/replacements retain the explicit inventory disposition.
1.11.2	implemented_unverified		inventory.md row 1.11.2	Full current assertion not executed: focused prerequisite failure blocks release evaluation; retirements/replacements retain the explicit inventory disposition.
1.11.3	implemented_unverified		inventory.md row 1.11.3	Full current assertion not executed: focused prerequisite failure blocks release evaluation; retirements/replacements retain the explicit inventory disposition.
1.11.4	implemented_unverified		inventory.md row 1.11.4	Full current assertion not executed: focused prerequisite failure blocks release evaluation; retirements/replacements retain the explicit inventory disposition.
1.11.5	implemented_unverified		inventory.md row 1.11.5	Full current assertion not executed: focused prerequisite failure blocks release evaluation; retirements/replacements retain the explicit inventory disposition.
1.11.6	implemented_unverified		inventory.md row 1.11.6	Full current assertion not executed: focused prerequisite failure blocks release evaluation; retirements/replacements retain the explicit inventory disposition.
1.11.7	implemented_unverified		inventory.md row 1.11.7	Full current assertion not executed: focused prerequisite failure blocks release evaluation; retirements/replacements retain the explicit inventory disposition.
1.11.8	implemented_unverified		inventory.md row 1.11.8	Full current assertion not executed: focused prerequisite failure blocks release evaluation; retirements/replacements retain the explicit inventory disposition.
1.11.9	implemented_unverified		inventory.md row 1.11.9	Full current assertion not executed: focused prerequisite failure blocks release evaluation; retirements/replacements retain the explicit inventory disposition.
1.11.10	implemented_unverified		inventory.md row 1.11.10	Full current assertion not executed: focused prerequisite failure blocks release evaluation; retirements/replacements retain the explicit inventory disposition.
1.11.11	implemented_unverified		inventory.md row 1.11.11	Full current assertion not executed: focused prerequisite failure blocks release evaluation; retirements/replacements retain the explicit inventory disposition.
1.11.12	implemented_unverified		inventory.md row 1.11.12	Full current assertion not executed: focused prerequisite failure blocks release evaluation; retirements/replacements retain the explicit inventory disposition.
1.11.13	implemented_unverified		inventory.md row 1.11.13	Full current assertion not executed: focused prerequisite failure blocks release evaluation; retirements/replacements retain the explicit inventory disposition.
1.11.14	implemented_unverified		inventory.md row 1.11.14	Full current assertion not executed: focused prerequisite failure blocks release evaluation; retirements/replacements retain the explicit inventory disposition.
1.11.15	implemented_unverified		inventory.md row 1.11.15	Full current assertion not executed: focused prerequisite failure blocks release evaluation; retirements/replacements retain the explicit inventory disposition.
1.11.16	implemented_unverified		inventory.md row 1.11.16	Full current assertion not executed: focused prerequisite failure blocks release evaluation; retirements/replacements retain the explicit inventory disposition.
1.11.17	implemented_unverified		inventory.md row 1.11.17	Full current assertion not executed: focused prerequisite failure blocks release evaluation; retirements/replacements retain the explicit inventory disposition.
1.12.1	implemented_unverified		inventory.md row 1.12.1	Full current assertion not executed: focused prerequisite failure blocks release evaluation; retirements/replacements retain the explicit inventory disposition.
1.12.2	implemented_unverified		inventory.md row 1.12.2	Full current assertion not executed: focused prerequisite failure blocks release evaluation; retirements/replacements retain the explicit inventory disposition.
1.12.3	implemented_unverified		inventory.md row 1.12.3	Full current assertion not executed: focused prerequisite failure blocks release evaluation; retirements/replacements retain the explicit inventory disposition.
1.12.4	implemented_unverified		inventory.md row 1.12.4	Full current assertion not executed: focused prerequisite failure blocks release evaluation; retirements/replacements retain the explicit inventory disposition.
1.12.5	implemented_unverified		inventory.md row 1.12.5	Full current assertion not executed: focused prerequisite failure blocks release evaluation; retirements/replacements retain the explicit inventory disposition.
1.12.6	implemented_unverified		inventory.md row 1.12.6	Full current assertion not executed: focused prerequisite failure blocks release evaluation; retirements/replacements retain the explicit inventory disposition.
1.12.7	implemented_unverified		inventory.md row 1.12.7	Full current assertion not executed: focused prerequisite failure blocks release evaluation; retirements/replacements retain the explicit inventory disposition.
1.12.8	implemented_unverified		inventory.md row 1.12.8	Full current assertion not executed: focused prerequisite failure blocks release evaluation; retirements/replacements retain the explicit inventory disposition.
1.12.9	implemented_unverified		inventory.md row 1.12.9	Full current assertion not executed: focused prerequisite failure blocks release evaluation; retirements/replacements retain the explicit inventory disposition.
1.12.10	implemented_unverified		inventory.md row 1.12.10	Full current assertion not executed: focused prerequisite failure blocks release evaluation; retirements/replacements retain the explicit inventory disposition.
1.12.11	implemented_unverified		inventory.md row 1.12.11	Full current assertion not executed: focused prerequisite failure blocks release evaluation; retirements/replacements retain the explicit inventory disposition.
1.12.12	implemented_unverified		inventory.md row 1.12.12	Full current assertion not executed: focused prerequisite failure blocks release evaluation; retirements/replacements retain the explicit inventory disposition.
1.12.13	implemented_unverified		inventory.md row 1.12.13	Full current assertion not executed: focused prerequisite failure blocks release evaluation; retirements/replacements retain the explicit inventory disposition.
1.12.14	implemented_unverified		inventory.md row 1.12.14	Full current assertion not executed: focused prerequisite failure blocks release evaluation; retirements/replacements retain the explicit inventory disposition.
1.12.15	implemented_unverified		inventory.md row 1.12.15	Full current assertion not executed: focused prerequisite failure blocks release evaluation; retirements/replacements retain the explicit inventory disposition.
1.12.16	implemented_unverified		inventory.md row 1.12.16	Full current assertion not executed: focused prerequisite failure blocks release evaluation; retirements/replacements retain the explicit inventory disposition.
1.12.17	implemented_unverified		inventory.md row 1.12.17	Full current assertion not executed: focused prerequisite failure blocks release evaluation; retirements/replacements retain the explicit inventory disposition.
1.12.18	implemented_unverified		inventory.md row 1.12.18	Full current assertion not executed: focused prerequisite failure blocks release evaluation; retirements/replacements retain the explicit inventory disposition.
1.13.1	implemented_unverified		inventory.md row 1.13.1	Full current assertion not executed: focused prerequisite failure blocks release evaluation; retirements/replacements retain the explicit inventory disposition.
1.13.2	implemented_unverified		inventory.md row 1.13.2	Full current assertion not executed: focused prerequisite failure blocks release evaluation; retirements/replacements retain the explicit inventory disposition.
1.13.3	implemented_unverified		inventory.md row 1.13.3	Full current assertion not executed: focused prerequisite failure blocks release evaluation; retirements/replacements retain the explicit inventory disposition.
1.13.4	failed	security-regressions-original;security-real-capture	inventory.md row 1.13.4	ID after lost path and root/chunk hashes after real capture violate authorization.
1.13.5	implemented_unverified		inventory.md row 1.13.5	Full current assertion not executed: focused prerequisite failure blocks release evaluation; retirements/replacements retain the explicit inventory disposition.
1.13.6	implemented_unverified		inventory.md row 1.13.6	Full current assertion not executed: focused prerequisite failure blocks release evaluation; retirements/replacements retain the explicit inventory disposition.
1.13.7	implemented_unverified		inventory.md row 1.13.7	Full current assertion not executed: focused prerequisite failure blocks release evaluation; retirements/replacements retain the explicit inventory disposition.
1.13.8	implemented_unverified		inventory.md row 1.13.8	Full current assertion not executed: focused prerequisite failure blocks release evaluation; retirements/replacements retain the explicit inventory disposition.
1.13.9	implemented_unverified		inventory.md row 1.13.9	Full current assertion not executed: focused prerequisite failure blocks release evaluation; retirements/replacements retain the explicit inventory disposition.
1.13.10	implemented_unverified		inventory.md row 1.13.10	Full current assertion not executed: focused prerequisite failure blocks release evaluation; retirements/replacements retain the explicit inventory disposition.
1.13.11	implemented_unverified		inventory.md row 1.13.11	Full current assertion not executed: focused prerequisite failure blocks release evaluation; retirements/replacements retain the explicit inventory disposition.
1.13.12	implemented_unverified		inventory.md row 1.13.12	Full current assertion not executed: focused prerequisite failure blocks release evaluation; retirements/replacements retain the explicit inventory disposition.
1.13.13	implemented_unverified		inventory.md row 1.13.13	Full current assertion not executed: focused prerequisite failure blocks release evaluation; retirements/replacements retain the explicit inventory disposition.
1.13.14	implemented_unverified		inventory.md row 1.13.14	Full current assertion not executed: focused prerequisite failure blocks release evaluation; retirements/replacements retain the explicit inventory disposition.
1.13.15	implemented_unverified		inventory.md row 1.13.15	Full current assertion not executed: focused prerequisite failure blocks release evaluation; retirements/replacements retain the explicit inventory disposition.
1.13.16	implemented_unverified		inventory.md row 1.13.16	Full current assertion not executed: focused prerequisite failure blocks release evaluation; retirements/replacements retain the explicit inventory disposition.
1.13.17	partial_verified	docs-integrated	inventory.md row 1.13.17	Source-derived MCP docs checks; not every documented command against installed host.
1.13.18	implemented_unverified		inventory.md row 1.13.18	Full current assertion not executed: focused prerequisite failure blocks release evaluation; retirements/replacements retain the explicit inventory disposition.
1.14.1	implemented_unverified		inventory.md row 1.14.1	Full current assertion not executed: focused prerequisite failure blocks release evaluation; retirements/replacements retain the explicit inventory disposition.
1.14.2	implemented_unverified		inventory.md row 1.14.2	Full current assertion not executed: focused prerequisite failure blocks release evaluation; retirements/replacements retain the explicit inventory disposition.
1.14.3	implemented_unverified		inventory.md row 1.14.3	Full current assertion not executed: focused prerequisite failure blocks release evaluation; retirements/replacements retain the explicit inventory disposition.
1.14.4	implemented_unverified		inventory.md row 1.14.4	Full current assertion not executed: focused prerequisite failure blocks release evaluation; retirements/replacements retain the explicit inventory disposition.
1.14.5	implemented_unverified		inventory.md row 1.14.5	Full current assertion not executed: focused prerequisite failure blocks release evaluation; retirements/replacements retain the explicit inventory disposition.
1.14.6	implemented_unverified		inventory.md row 1.14.6	Full current assertion not executed: focused prerequisite failure blocks release evaluation; retirements/replacements retain the explicit inventory disposition.
1.14.7	implemented_unverified		inventory.md row 1.14.7	Full current assertion not executed: focused prerequisite failure blocks release evaluation; retirements/replacements retain the explicit inventory disposition.
1.14.8	implemented_unverified		inventory.md row 1.14.8	Full current assertion not executed: focused prerequisite failure blocks release evaluation; retirements/replacements retain the explicit inventory disposition.
1.14.9	implemented_unverified		inventory.md row 1.14.9	Full current assertion not executed: focused prerequisite failure blocks release evaluation; retirements/replacements retain the explicit inventory disposition.
1.14.10	implemented_unverified		inventory.md row 1.14.10	Full current assertion not executed: focused prerequisite failure blocks release evaluation; retirements/replacements retain the explicit inventory disposition.
1.15.1	implemented_unverified		inventory.md row 1.15.1	Full current assertion not executed: focused prerequisite failure blocks release evaluation; retirements/replacements retain the explicit inventory disposition.
1.15.2	implemented_unverified		inventory.md row 1.15.2	Full current assertion not executed: focused prerequisite failure blocks release evaluation; retirements/replacements retain the explicit inventory disposition.
1.15.3	implemented_unverified		inventory.md row 1.15.3	Full current assertion not executed: focused prerequisite failure blocks release evaluation; retirements/replacements retain the explicit inventory disposition.
1.15.4	implemented_unverified		inventory.md row 1.15.4	Full current assertion not executed: focused prerequisite failure blocks release evaluation; retirements/replacements retain the explicit inventory disposition.
1.15.5	implemented_unverified		inventory.md row 1.15.5	Full current assertion not executed: focused prerequisite failure blocks release evaluation; retirements/replacements retain the explicit inventory disposition.
1.15.6	implemented_unverified		inventory.md row 1.15.6	Full current assertion not executed: focused prerequisite failure blocks release evaluation; retirements/replacements retain the explicit inventory disposition.
1.15.7	implemented_unverified		inventory.md row 1.15.7	Full current assertion not executed: focused prerequisite failure blocks release evaluation; retirements/replacements retain the explicit inventory disposition.
1.15.8	implemented_unverified		inventory.md row 1.15.8	Full current assertion not executed: focused prerequisite failure blocks release evaluation; retirements/replacements retain the explicit inventory disposition.
1.15.9	implemented_unverified		inventory.md row 1.15.9	Full current assertion not executed: focused prerequisite failure blocks release evaluation; retirements/replacements retain the explicit inventory disposition.
1.15.10	implemented_unverified		inventory.md row 1.15.10	Full current assertion not executed: focused prerequisite failure blocks release evaluation; retirements/replacements retain the explicit inventory disposition.
1.15.11	implemented_unverified		inventory.md row 1.15.11	Full current assertion not executed: focused prerequisite failure blocks release evaluation; retirements/replacements retain the explicit inventory disposition.
1.15.12	implemented_unverified		inventory.md row 1.15.12	Full current assertion not executed: focused prerequisite failure blocks release evaluation; retirements/replacements retain the explicit inventory disposition.
1.15.13	implemented_unverified		inventory.md row 1.15.13	Full current assertion not executed: focused prerequisite failure blocks release evaluation; retirements/replacements retain the explicit inventory disposition.
1.15.14	implemented_unverified		inventory.md row 1.15.14	Full current assertion not executed: focused prerequisite failure blocks release evaluation; retirements/replacements retain the explicit inventory disposition.
1.15.15	implemented_unverified		inventory.md row 1.15.15	Full current assertion not executed: focused prerequisite failure blocks release evaluation; retirements/replacements retain the explicit inventory disposition.
1.16.1	implemented_unverified		inventory.md row 1.16.1	Full current assertion not executed: focused prerequisite failure blocks release evaluation; retirements/replacements retain the explicit inventory disposition.
1.16.2	implemented_unverified		inventory.md row 1.16.2	Full current assertion not executed: focused prerequisite failure blocks release evaluation; retirements/replacements retain the explicit inventory disposition.
1.16.3	implemented_unverified		inventory.md row 1.16.3	Full current assertion not executed: focused prerequisite failure blocks release evaluation; retirements/replacements retain the explicit inventory disposition.
1.16.4	implemented_unverified		inventory.md row 1.16.4	Full current assertion not executed: focused prerequisite failure blocks release evaluation; retirements/replacements retain the explicit inventory disposition.
1.16.5	implemented_unverified		inventory.md row 1.16.5	Full current assertion not executed: focused prerequisite failure blocks release evaluation; retirements/replacements retain the explicit inventory disposition.
1.16.6	implemented_unverified		inventory.md row 1.16.6	Full current assertion not executed: focused prerequisite failure blocks release evaluation; retirements/replacements retain the explicit inventory disposition.
1.16.7	implemented_unverified		inventory.md row 1.16.7	Full current assertion not executed: focused prerequisite failure blocks release evaluation; retirements/replacements retain the explicit inventory disposition.
1.16.8	implemented_unverified		inventory.md row 1.16.8	Full current assertion not executed: focused prerequisite failure blocks release evaluation; retirements/replacements retain the explicit inventory disposition.
1.16.9	implemented_unverified		inventory.md row 1.16.9	Full current assertion not executed: focused prerequisite failure blocks release evaluation; retirements/replacements retain the explicit inventory disposition.
1.16.10	implemented_unverified		inventory.md row 1.16.10	Full current assertion not executed: focused prerequisite failure blocks release evaluation; retirements/replacements retain the explicit inventory disposition.
1.16.11	implemented_unverified		inventory.md row 1.16.11	Full current assertion not executed: focused prerequisite failure blocks release evaluation; retirements/replacements retain the explicit inventory disposition.
1.16.12	implemented_unverified		inventory.md row 1.16.12	Full current assertion not executed: focused prerequisite failure blocks release evaluation; retirements/replacements retain the explicit inventory disposition.
1.16.13	implemented_unverified		inventory.md row 1.16.13	Full current assertion not executed: focused prerequisite failure blocks release evaluation; retirements/replacements retain the explicit inventory disposition.
1.17.1	implemented_unverified		inventory.md row 1.17.1	Full current assertion not executed: focused prerequisite failure blocks release evaluation; retirements/replacements retain the explicit inventory disposition.
1.17.2	implemented_unverified		inventory.md row 1.17.2	Full current assertion not executed: focused prerequisite failure blocks release evaluation; retirements/replacements retain the explicit inventory disposition.
1.17.3	implemented_unverified		inventory.md row 1.17.3	Full current assertion not executed: focused prerequisite failure blocks release evaluation; retirements/replacements retain the explicit inventory disposition.
1.17.4	implemented_unverified		inventory.md row 1.17.4	Full current assertion not executed: focused prerequisite failure blocks release evaluation; retirements/replacements retain the explicit inventory disposition.
1.17.5	implemented_unverified		inventory.md row 1.17.5	Full current assertion not executed: focused prerequisite failure blocks release evaluation; retirements/replacements retain the explicit inventory disposition.
1.17.6	implemented_unverified		inventory.md row 1.17.6	Full current assertion not executed: focused prerequisite failure blocks release evaluation; retirements/replacements retain the explicit inventory disposition.
1.17.7	partial_verified	install-recovery	inventory.md row 1.17.7	Real Windows CLI disposable install/upgrade; no live model session or other OS.
1.17.8	partial_verified	install-recovery	inventory.md row 1.17.8	Disposable Windows uninstall keep-data/default scenarios; no full target matrix.
1.17.9	partial_verified	install-recovery	inventory.md row 1.17.9	Unknown-schema refusal and same-source version-stamped upgrade; no old released binary matrix.
1.17.10	implemented_unverified		inventory.md row 1.17.10	Full current assertion not executed: focused prerequisite failure blocks release evaluation; retirements/replacements retain the explicit inventory disposition.
1.17.11	implemented_unverified		inventory.md row 1.17.11	Full current assertion not executed: focused prerequisite failure blocks release evaluation; retirements/replacements retain the explicit inventory disposition.
1.17.12	failed	security-focused;security-regressions-original;security-real-capture	inventory.md row 1.17.12	Focused redaction/telemetry controls pass, but archive authorization fails; full security gate blocked.
1.17.13	implemented_unverified		inventory.md row 1.17.13	Full current assertion not executed: focused prerequisite failure blocks release evaluation; retirements/replacements retain the explicit inventory disposition.
1.17.14	implemented_unverified		inventory.md row 1.17.14	Full current assertion not executed: focused prerequisite failure blocks release evaluation; retirements/replacements retain the explicit inventory disposition.
1.17.15	partial_verified	diagnostics-focused;fsck-packaged-tool-capture-fixed	inventory.md row 1.17.15	Selected in-process repair checks and packaged read-only capture audit; automatic recovery still fails.
1.17.16	partial_verified	diagnostics-focused	inventory.md row 1.17.16	Selected doctor/status semantics only; not live capability canaries.
1.17.17	partial_verified	docs-integrated	inventory.md row 1.17.17	Devtool version guard unit tests; release tag agreement not evaluated.
1.17.18	implemented_unverified		inventory.md row 1.17.18	Full current assertion not executed: focused prerequisite failure blocks release evaluation; retirements/replacements retain the explicit inventory disposition.
1.17.19	implemented_unverified		inventory.md row 1.17.19	Full current assertion not executed: focused prerequisite failure blocks release evaluation; retirements/replacements retain the explicit inventory disposition.
1.17.20	partial_verified	docs-integrated;forensic-bundle	inventory.md row 1.17.20	Assembler checksum tests and saved local bundle metadata; no published artifact.
1.18.1	partial_verified	docs-integrated	inventory.md row 1.18.1	Current mapped docs/devtool checks passed; human workflow and unmapped historical subassertions remain unverified.
1.18.2	partial_verified	docs-integrated	inventory.md row 1.18.2	Current mapped docs/devtool checks passed; human workflow and unmapped historical subassertions remain unverified.
1.18.3	partial_verified	docs-integrated	inventory.md row 1.18.3	Current mapped docs/devtool checks passed; human workflow and unmapped historical subassertions remain unverified.
1.18.4	partial_verified	docs-integrated	inventory.md row 1.18.4	Current mapped docs/devtool checks passed; human workflow and unmapped historical subassertions remain unverified.
1.18.5	partial_verified	docs-integrated	inventory.md row 1.18.5	Current mapped docs/devtool checks passed; human workflow and unmapped historical subassertions remain unverified.
1.18.6	partial_verified	docs-integrated	inventory.md row 1.18.6	Current mapped docs/devtool checks passed; human workflow and unmapped historical subassertions remain unverified.
1.18.7	partial_verified	docs-integrated	inventory.md row 1.18.7	Current mapped docs/devtool checks passed; human workflow and unmapped historical subassertions remain unverified.
1.18.8	partial_verified	docs-integrated	inventory.md row 1.18.8	Current mapped docs/devtool checks passed; human workflow and unmapped historical subassertions remain unverified.
1.18.9	partial_verified	docs-integrated	inventory.md row 1.18.9	Current mapped docs/devtool checks passed; human workflow and unmapped historical subassertions remain unverified.
1.18.10	partial_verified	docs-integrated	inventory.md row 1.18.10	Current mapped docs/devtool checks passed; human workflow and unmapped historical subassertions remain unverified.
1.18.11	partial_verified	docs-integrated	inventory.md row 1.18.11	Current mapped docs/devtool checks passed; human workflow and unmapped historical subassertions remain unverified.
1.18.12	unknown		inventory.md row 1.18.12	Human UAT-01 through UAT-12 not run; privacy/recovery prerequisites fail.
1.18.13	partial_verified	docs-integrated	inventory.md row 1.18.13	Current mapped docs/devtool checks passed; human workflow and unmapped historical subassertions remain unverified.
1.18.14	partial_verified	docs-integrated	inventory.md row 1.18.14	Current mapped docs/devtool checks passed; human workflow and unmapped historical subassertions remain unverified.
