"(PDH-CSV 4.0) (Eastern Daylight Time)(240)","\\AIDAN-LAPTOP\PhysicalDisk(_Total)\Avg. Disk sec/Write","\\AIDAN-LAPTOP\PhysicalDisk(_Total)\Avg. Disk sec/Transfer","\\AIDAN-LAPTOP\PhysicalDisk(_Total)\Current Disk Queue Length","\\AIDAN-LAPTOP\Processor Information(_Total)\% Processor Performance","\\AIDAN-LAPTOP\Processor Information(_Total)\Processor Frequency","\\AIDAN-LAPTOP\Processor(_Total)\% Processor Time","\\AIDAN-LAPTOP\Memory\Available MBytes","\\AIDAN-LAPTOP\Memory\Standby Cache Normal Priority Bytes","\\AIDAN-LAPTOP\Memory\Modified Page List Bytes"
"10/02/2026 02:18:50.867"," "," ","0"," ","1154"," ","7808","3782590464","103936000"
"10/02/2026 02:18:52.874","6.4461668545659524796e-005","7.1886806282722508742e-005","0","150.46747362903752787","1154","25.335329948438999992","7736","3748446208","120651776"
"10/02/2026 02:18:54.891","7.8291079812206580278e-005","8.5526484018264847266e-005","0","100.83396641456805298","1154","20.163176257528892421","7760","3847340032","102191104"
"10/02/2026 02:18:56.897","5.8713005272407732624e-005","5.8957192982456137827e-005","0","102.21046141047722244","1154","26.809829143068718338","7758","3848060928","108347392"
"10/02/2026 02:18:58.904","5.529922680412370674e-005","5.5884871794871795959e-005","0","87.718861818803944175","1154","20.407829761631123944","7757","3852996608","107581440"
"10/02/2026 02:19:00.922","6.7326045627376428313e-005","6.8974436090225570042e-005","0","91.599641190731119877","1154","20.190481855448329185","7744","3845443584","106799104"
"10/02/2026 02:19:02.927","4.8417064220183486352e-005","4.8553162236480293325e-005","0","97.092322701304894395","1154","17.370820010385035204","7744","3848515584","115662848"
"10/02/2026 02:19:04.945","6.18878693623639163e-005","6.3894777265745007202e-005","0","101.47531077707813552","1154","17.822850127161949274","7774","3853156352","65384448"
"10/02/2026 02:19:06.950","6.4833996023856864583e-005","0.00010470836177474403359","1","100.11826136152272682","1154","20.423978626219696508","7774","3859492864","73166848"
"10/02/2026 02:19:08.957","4.9454602510460249712e-005","7.3713328530259370213e-005","0","96.225299803731402903","1154","17.353280969700257685","7774","3861311488","72208384"
"10/02/2026 02:19:10.974","6.2563326226012787204e-005","6.670639534883719907e-005","0","98.328334821428569512","1154","15.997725743850621072","7758","3863015424","73211904"
"10/02/2026 02:19:12.993","6.1062799999999994123e-005","7.9080026809651471939e-005","0","95.601729349494561916","1154","16.617178723465965362","7742","3866554368","74883072"
"10/02/2026 02:19:15.003","4.8114537902388369189e-005","5.3802915951972557572e-005","0","100.40739455396517599","1154","17.1997490135640696","7721","3869433856","80797696"
"10/02/2026 02:19:17.019","5.7757028753993607645e-005","6.3841480611045821401e-005","1","119.11720404632161774","1154","20.76883787414600846","7694","3872505856","94904320"
"10/02/2026 02:19:19.038","5.8517863105175291314e-005","6.3625606796116501739e-005","1","115.03322350964090504","1154","20.144593227593244222","7714","3874746368","95727616"
"10/02/2026 02:19:21.046","4.4246902654867257057e-005","5.0755028157683031067e-005","0","99.852460429826479071","1154","16.380566301968446652","7721","3878125568","95076352"
"10/02/2026 02:19:23.061","6.1592421052631578845e-005","0.00010287568493150684975","0","100.69273575300863399","1154","17.781165519917109918","7723","3888140288","97746944"
"10/02/2026 02:19:25.079","6.3337500000000001329e-005","6.8160893854748598247e-005","0","99.711108121063304566","1154","17.554385975695041111","7715","3891449856","101830656"
"10/02/2026 02:19:27.094","3.9928039927404713268e-005","4.5656235997012694554e-005","0","106.12167572204747046","1154","18.47616867841497168","7698","3893178368","137998336"
"10/02/2026 02:19:29.116","4.6512185430463577596e-005","0.00061843827925628868346","5","111.30998561893875376","1154","23.113327474924339811","7647","3909586944","134922240"
"10/02/2026 02:19:31.122","0.00012012182203389830523","0.001244855538579067852","1","126.9961451555536911","1154","28.698741050317412515","7609","3904577536","135147520"
"10/02/2026 02:19:33.143","4.0965195729537366644e-005","4.7153711201079616833e-005","0","93.297695908813352617","1154","19.333400144262114395","7639","3905343488","128786432"
"10/02/2026 02:19:35.161","6.3148837209302317755e-005","6.9088549618320609091e-005","1","97.886655771014616789","1154","18.502742554754437521","7668","3905826816","92401664"
"10/02/2026 02:19:37.167","0.00012327627118644067083","0.00015419836065573772673","0","89.686350503840458259","1154","17.02893998512832141","7655","3921158144","90693632"
"10/02/2026 02:19:39.181","0.0001635401960784313739","0.00019425238095238097843","0","85.565104876644980436","1154","17.477679348719977526","7681","3913986048","94629888"
"10/02/2026 02:19:41.190","5.358931698774080935e-005","5.933350604490500457e-005","0","84.812865131531495422","1154","15.73198102247092045","7665","3914657792","93868032"
"10/02/2026 02:19:43.203","0.00024244193548387098247","0.00037035675675675677624","0","91.455174068580404878","1154","14.567355101102242187","7651","3914952704","96612352"
"10/02/2026 02:19:45.218","0.00037007450980392153856","0.00024615726141078835562","0","90.319318207371097174","1154","16.036830090212095712","7610","3916181504","98177024"
"10/02/2026 02:19:47.227","9.1787450199203187394e-005","9.4733928571428573095e-005","0","97.206624999432634127","1154","16.559025302680485225","7622","3918553088","98435072"
"10/02/2026 02:19:49.254","0.00049683076923076922252","0.00045635754716981131313","0","105.73941801413297981","1154","19.980861417731986762","7610","3918016512","104181760"
"10/02/2026 02:19:51.271","0.00056312857142857143233","0.00058749298245614031862","0","88.438501697082230635","1154","15.704389788371075909","7610","3920801792","103956480"
"10/02/2026 02:19:53.286","0.0011606142857142856973","0.0010643461538461537839","0","88.744255641539041335","1154","13.995502635786948531","7620","3921600512","106287104"
"10/02/2026 02:19:55.312","0.0005424254545454545778","0.000516934374999999946","0","90.461151274965288849","1154","15.615455575517877662","7613","3924652032","106180608"
"10/02/2026 02:19:57.323","0.00035848428571428567766","0.00034655466666666664369","0","97.053125769835702386","1154","15.740461881461321525","7606","3924709376","111108096"
"10/02/2026 02:19:59.342","0.00089680588235294123045","0.00088339807692307682329","0","89.977468257976482846","1154","17.7251477753809219","7625","3925188608","114741248"
"10/02/2026 02:20:01.358","0.00033937272727272728683","0.00033263442622950817719","0","93.406841872025580642","1154","16.369504741367290279","7617","3927183360","115105792"
"10/02/2026 02:20:03.382","0.00016984000000000001374","0.00017077732793522267299","0","89.074605915651630994","1154","15.666087384834813889","7635","3926593536","82206720"
"10/02/2026 02:20:05.407","0.00065369577464788732133","0.00064237564102564103079","0","98.426193286092328094","1154","13.075040832163487892","7628","3926691840","85037056"
"10/02/2026 02:20:07.418","0.00044074038461538463758","0.00043669259259259259011","0","97.540521203388564686","1154","15.455288690842017729","7634","3927818240","89980928"
"10/02/2026 02:20:09.434","0.001299968181818181908","0.0012850599999999999783","0","87.732540807604905808","1154","13.456983588354642478","7618","3928023040","90427392"
"10/02/2026 02:20:11.446","0.00044763272727272728369","0.00044705172413793105518","0","87.584843734480330113","1154","17.160617377867804834","7607","3928383488","90255360"
"10/02/2026 02:20:13.473","0.00062492972972972974689","0.0012610170731707317539","0","105.48249819040985642","1154","15.583779293656496279","7622","3930349568","92925952"
"10/02/2026 02:20:15.483","0.00074257407407407409992","0.0002125312625250501083","0","100.74772355418960501","1154","14.867628969883750045","7612","3932123136","122236928"
"10/02/2026 02:20:17.491","0.00013161007194244602782","0.00014988568568568568602","0","108.85772906619904177","1154","16.165029767404149652","7512","3932385280","128733184"
"10/02/2026 02:20:19.511","0.00019089120879120879504","0.00017780788530465948356","0","111.1429179148922799","1154","16.713252007238622809","7486","3935502336","129114112"
"10/02/2026 02:20:21.537","0.0010901419354838711231","0.00032369204545454544541","0","96.296106668049276323","1154","18.100484557924811924","7594","3935744000","141041664"
"10/02/2026 02:20:23.551","0.00012591940928270042139","0.00016531893939393939134","0","97.548931289750811402","1154","16.263145408250810675","7616","3937480704","143831040"
"10/02/2026 02:20:25.559","0.00037943809523809525052","0.00030485384615384615798","0","94.596657395830675341","1154","15.216608874120318262","7620","3937198080","164311040"
"10/02/2026 02:20:27.575","0.00035694123711340209736","0.00035245818181818181327","0","98.710657876198197869","1154","12.970412513843154301","7612","3938795520","165031936"
"10/02/2026 02:20:29.582","0.00070220937499999999069","0.00059658124999999997615","0","87.254827159967604189","1154","15.930697003022753933","7619","3939672064","164585472"
"10/02/2026 02:20:31.600","0.00019482037037037036749","0.00019727868852459015669","0","90.45180572955123921","1154","18.089817675245889461","7641","3950477312","157089792"
"10/02/2026 02:20:33.610","0.0003914946808510638308","0.00038386796116504856916","0","93.11772945714716343","1154","14.461801325322987566","7718","3951247360","86544384"
"10/02/2026 02:20:35.626","0.00040212580645161293035","0.00052316029411764706537","0","93.717369049650230295","1154","14.587183552982441626","7709","3951632384","86564864"
"10/02/2026 02:20:37.634","0.00054098181818181814359","0.00064527875000000003633","0","104.25945691794633774","1154","13.999412537380761634","7697","3953778688","90742784"
"10/02/2026 02:20:39.645","0.0011868300000000000464","0.0011332395348837209434","0","99.73426521664863742","1154","13.768209793681062791","7706","3952865280","98144256"
"10/02/2026 02:20:41.656","0.00022139761904761904167","0.00022314846153846152775","0","89.472479190226351875","1154","14.930266016999349077","7690","3953434624","97681408"
"10/02/2026 02:20:43.682","0.00046223289473684209998","0.0004631337662337662274","0","91.549054996539425133","1154","13.115328708155038484","7676","3953410048","102150144"
"10/02/2026 02:20:45.712","0.00012298818681318680933","0.0001488959239130434732","0","101.47062166228633373","1154","11.501406496603250318","7675","3954778112","109400064"
"10/02/2026 02:20:47.720","0.00053216249999999993159","0.00085587254901960780566","0","112.94486422522710711","1154","12.497511279295569153","7655","3955388416","109510656"
"10/02/2026 02:20:49.735","0.00039716911764705882092","0.00040671369863013698449","0","118.56664922225235159","1154","10.672690196944200736","7662","3956969472","117084160"
"10/02/2026 02:20:51.743","0.00083276785714285722455","0.00069062368421052625338","0","107.44879781986270473","1154","10.172352752251324404","7653","3954634752","117272576"
"10/02/2026 02:20:53.772","0.00057247105263157896035","0.00057247105263157896035","0","108.02770373317419228","1154","11.489740823262062364","7668","3958984704","123248640"
"10/02/2026 02:20:55.790","0.00056404915254237289121","0.00056404915254237289121","0","101.94184696845208293","1154","11.471722441483422017","7660","3958960128","122576896"
"10/02/2026 02:20:57.810","0.00044685135135135134162","0.00054458999999999996126","0","109.53904231361858024","1154","11.326301705601915515","7645","3960053760","129593344"
"10/02/2026 02:20:59.823","0.00079431428571428573833","0.00077625227272727279331","0","102.28392098418680689","1154","12.041304006887676437","7660","3960811520","136032256"
"10/02/2026 02:21:01.834","0.00038949558823529414377","0.00049062739726027403738","0","92.613467946486295546","1154","12.965170474259235078","7643","3961450496","135786496"
"10/02/2026 02:21:03.844","0.00062526250000000008038","0.00080761395348837201891","0","106.95993229623771015","1154","20.108994478354379254","7688","3961348096","89182208"
"10/02/2026 02:21:05.856","0.00016682903225806453083","0.0001759105882352941211","0","102.28391870863470103","1154","8.7150502533297249386","7675","3962687488","88961024"
"10/02/2026 02:21:07.869","0.0005284553191489361687","0.0005284553191489361687","0","115.35537203526770611","1154","13.47599075256697887","7665","3962060800","92921856"
"10/02/2026 02:21:09.880","0.0006547666666666666262","0.0007188175675675675556","0","102.39544856488474522","1154","12.888237567134186889","7679","3963670528","97288192"
"10/02/2026 02:21:11.889","0.00042290526315789478493","0.00055941639344262296223","0","99.947214271008363085","1154","10.009342763255235198","7673","3964530688","99479552"
"10/02/2026 02:21:13.910","0.00087767605633802818661","0.00097517368421052642077","0","108.01113385826771207","1154","13.167958938225087451","7661","3965603840","99201024"
"10/02/2026 02:21:15.921","0.00022166349206349206615","0.00059417466666666668863","0","107.79025576554481347","1154","12.764387212096073299","7669","3966300160","107233280"
"10/02/2026 02:21:17.948","0.00031435100671140940891","0.00035984814814814811493","0","131.19438543410154807","1154","10.427994173248489318","7548","3967672320","107003904"
"10/02/2026 02:21:19.963","9.5491616766467052129e-005","9.8872093023255817174e-005","0","120.41978028216992413","1154","14.679634998113400002","7601","3967578112","123973632"
"10/02/2026 02:21:21.985","0.0010921789473684209801","0.0010693641025641025585","1","113.39228397049248542","1154","10.495588135105693439","7630","3968466944","124375040"
"10/02/2026 02:21:24.007","0.00049687000000000005901","0.00049148269230769230185","0","114.56343981142811117","1154","13.492514389997678492","7638","3967942656","128147456"
"10/02/2026 02:21:26.015","0.00014599142857142858166","0.00019320900473933648629","0","101.88424797076609707","1154","12.025133380311803677","7623","3968315392","132026368"
"10/02/2026 02:21:28.030","0.00057276190476190480105","0.00057051627906976748201","0","118.16347332829664651","1154","11.312666726257036842","7605","3968786432","136970240"
"10/02/2026 02:21:30.039","0.0010102200000000000416","0.0011585485714285714744","0","107.68841190584268475","1154","9.9995475684942274341","7616","3969290240","140423168"
"10/02/2026 02:21:32.047","0.00010248048780487805569","0.00042078947368421048018","0","99.430495128030813135","1154","14.368680373141074824","7614","3973259264","139616256"
"10/02/2026 02:21:34.066","0.0033957210526315791989","0.0034257741935483873065","0","91.921559767751844561","1154","11.767637706461897551","7663","3972845568","90951680"
"10/02/2026 02:21:36.077","0.00025990641025641029321","0.00026185176470588234074","0","102.70736661602909123","1154","12.889692704256461298","7666","3973492736","90619904"
"10/02/2026 02:21:38.106","0.00083771944444444447053","0.00077918780487804884579","0","111.4238328224849397","1154","11.678026575700640066","7652","3973464064","97189888"
"10/02/2026 02:21:40.126","0.001492791111111111237","0.0014300020833333331686","0","99.885344170333013381","1154","11.614288504762892984","7663","3974574080","101785600"
"10/02/2026 02:21:42.137","0.00057919285714285709179","0.00057919285714285709179","0","103.62447051265750986","1154","11.444313051972255124","7656","3975008256","100929536"
"10/02/2026 02:21:44.165","0.00057643285714285711144","0.00057643285714285711144","1","110.55769149101821824","1154","9.9400458261593822584","7652","3975196672","105787392"
"10/02/2026 02:21:46.185","6.7387145557655959028e-005","6.8197180451127820035e-005","0","99.644233068368038175","1154","13.581019035318774968","7646","3977560064","105971712"
"10/02/2026 02:21:48.203","5.3912903225806452722e-005","5.421488095238094913e-005","1","111.23449447748512853","1154","10.073785723025308059","7640","3978031104","109871104"
"10/02/2026 02:21:50.212","6.3287060998151563264e-005","6.3440699815837944754e-005","1","127.35808308165707103","1154","9.4024645067940504362","7653","3978924032","117071872"
"10/02/2026 02:21:52.218","6.6535674676524960347e-005","6.7042173112338862106e-005","0","102.34138017408729127","1154","9.3220787663481736729","7648","3967340544","117063680"
"10/02/2026 02:21:54.225","6.4865765765765762791e-005","6.6017921146953407259e-005","1","106.00283232027496183","1154","8.848380163520507935","7665","3966914560","120930304"
"10/02/2026 02:21:56.230","6.5337323943661976245e-005","6.610454545454545229e-005","1","102.84585817383118922","1154","11.988910765562399874","7647","3968114688","120541184"
"10/02/2026 02:21:58.245","6.4526548672566363474e-005","6.5482661996497381631e-005","1","115.18000905558963609","1154","10.350711928157508623","7635","3967705088","126259200"
"10/02/2026 02:22:00.259","6.5761774744027296641e-005","6.6067006802721081941e-005","0","98.079584434664553783","1154","11.282247866539130143","7627","3967737856","130949120"
"10/02/2026 02:22:02.264","6.8889541284403675841e-005","7.0703818181818185056e-005","0","100.76238279166318534","1154","11.146390181846300038","7623","3968360448","130932736"
"10/02/2026 02:22:04.282","6.451061359867329959e-005","6.5142904290429044485e-005","0","105.39154094737371281","1154","8.5771533851942809434","7675","3968471040","88834048"
"10/02/2026 02:22:06.290","6.6757363013698634577e-005","7.0356081081081087267e-005","0","101.23049393338570212","1154","9.9665040809313492076","7641","3967004672","88870912"
"10/02/2026 02:22:08.309","6.8597012302284713823e-005","6.9223519163763070662e-005","0","108.88128778293265952","1154","12.591813979269240065","7640","3969171456","95924224"
"10/02/2026 02:22:10.319","6.7962522522522521491e-005","6.8187949640287768747e-005","1","111.11590482362129251","1154","7.5932486367941027794","7653","3971125248","99749888"
"10/02/2026 02:22:12.335","6.4848345588235301777e-005","6.509194139194138739e-005","0","98.676511592990578947","1154","8.5487057812842159876","7643","3971883008","99708928"
"10/02/2026 02:22:14.345","6.5642504409171067428e-005","6.5642504409171067428e-005","1","105.56129184924073172","1154","10.000075126437547368","7641","3972202496","104673280"
"10/02/2026 02:22:16.360","6.6556974459724952309e-005","6.6733725490196075603e-005","0","99.643357213108075143","1154","12.008948771499571961","7617","3970859008","104697856"
"10/02/2026 02:22:18.382","6.1158777429467088517e-005","6.1488437500000005004e-005","0","116.88855310955891298","1154","11.9124529598192197","7611","3972608000","110309376"
"10/02/2026 02:22:20.392","6.0537248840803702641e-005","6.1151766513056841348e-005","0","126.57540354538353711","1154","14.390760779296607907","7587","3972476928","130498560"
"10/02/2026 02:22:22.407","6.5924637681159423911e-005","6.6151537070524403321e-005","0","104.37229655127622152","1154","7.9537294143442345273","7604","3972526080","134504448"
"10/02/2026 02:22:24.417","6.5403152364273213471e-005","6.5894066317626523552e-005","0","101.89831331052589292","1154","9.811259648876180961","7596","3973234688","139067392"
"10/02/2026 02:22:26.421","6.2090849673202615656e-005","6.3574025974025974504e-005","0","97.089794441429035032","1154","9.7525367306550254654","7590","3973386240","146079744"
"10/02/2026 02:22:28.438","6.3857220216606501418e-005","6.4453846153846155727e-005","1","106.20156818818257705","1154","12.119647700742442353","7592","3972907008","151932928"
"10/02/2026 02:22:30.459","6.8864915572232649897e-005","6.9828119180633145611e-005","1","95.303283105478499238","1154","10.456226287121683782","7593","3975041024","156438528"
"10/02/2026 02:22:32.477","6.4757350272232297342e-005","6.5189330922242315369e-005","0","96.610390516924098847","1154","12.746912170576131018","7585","3975725056","158437376"
"10/02/2026 02:22:34.486","6.6127205882352940161e-005","6.690990825688073536e-005","1","97.749364358931387642","1154","8.4503424542396903263","7652","3976081408","93765632"
"10/02/2026 02:22:36.500","4.9052272727272728809e-005","5.0513850174216023069e-005","0","110.71922566258078291","1154","9.4818455590204404615","7653","3976982528","93724672"
"10/02/2026 02:22:38.516","6.2421651376146791322e-005","6.3023809523809513965e-005","0","108.10120466926069582","1154","12.030146423999877214","7642","3977519104","94732288"
"10/02/2026 02:22:40.525","6.4317735849056602055e-005","6.4483050847457631829e-005","0","104.67264268427359752","1154","9.1077820805980600483","7653","3977261056","100810752"
"10/02/2026 02:22:42.534","6.7137589928057553128e-005","6.7389766606822267382e-005","0","99.82478019435446015","1154","9.5238230358883129156","7645","3978125312","103088128"
"10/02/2026 02:22:44.539","6.8036084452975046505e-005","6.8036084452975046505e-005","1","103.26486627068022983","1154","8.7805294676186136371","7646","3978055680","106041344"
"10/02/2026 02:22:46.558","6.3060209424083769935e-005","6.3060209424083769935e-005","0","99.849772220827915703","1154","9.6465872068527076522","7640","3977801728","106029056"
"10/02/2026 02:22:48.575","7.0304612546125472478e-005","7.0880514705882352068e-005","0","109.19779035300457792","1154","13.321671659097876983","7629","3979091968","108761088"
"10/02/2026 02:22:50.583","6.6504030710172752747e-005","6.6903053435114493894e-005","0","119.32700269166132045","1154","10.543365545014971474","7635","3979579392","114049024"
"10/02/2026 02:22:52.597","6.1547848537005158277e-005","6.2734075342465759023e-005","0","100.77252450980391529","1154","10.116978776826746511","7632","3979452416","116752384"
"10/02/2026 02:22:54.611","6.4814312617702442699e-005","6.6142242990654200345e-005","0","100.02802798809628371","1154","9.7171771091627547889","7635","3980062720","121876480"
"10/02/2026 02:22:56.633","6.7466604477611947935e-005","6.7493482309124766517e-005","1","105.3643412068141032","1154","9.2885126011149168335","7635","3982458880","124837888"
"10/02/2026 02:22:58.646","6.45247672253258808e-005","6.474481481481481125e-005","0","107.86603992996576551","1154","11.17327370730792957","7611","3981889536","124841984"
"10/02/2026 02:23:00.660","6.6857042253521130511e-005","6.750719298245614914e-005","1","96.482031759459985665","1154","14.773618593924641829","7604","3982381056","129474560"
"10/02/2026 02:23:02.679","6.5926987060998141154e-005","6.6554963235294112181e-005","1","95.23770169224714266","1154","11.092218794843422103","7609","3982757888","131104768"
"10/02/2026 02:23:04.684","6.568399999999998979e-005","6.6159861591695505565e-005","1","101.06824951953875313","1154","8.9339047369400237386","7649","3982843904","93691904"
"10/02/2026 02:23:06.701","6.5550086355785838212e-005","6.7955329949238581048e-005","0","93.986966197603578621","1154","10.593974225662950772","7660","3983572992","108355584"
"10/02/2026 02:23:08.722","6.3710296684118663331e-005","6.7368728522336772694e-005","0","113.74156117370237951","1154","8.8879794493489825413","7638","3984191488","108318720"
"10/02/2026 02:23:10.742","6.9355597722960146234e-005","6.9487121212121212414e-005","0","104.31359099618875064","1154","13.492667277295710804","7632","3969495040","115150848"
"10/02/2026 02:23:12.756","6.496180555555555985e-005","6.496180555555555985e-005","1","101.13360686369156838","1154","9.7113425817110012872","7646","3984625664","117579776"
"10/02/2026 02:23:14.762","6.6941095890410949338e-005","6.7155859374999998215e-005","0","96.304027544890686841","1154","8.8363683311419194411","7650","3984683008","122425344"
"10/02/2026 02:23:16.776","6.2956734006734013068e-005","6.3074453781512609669e-005","0","102.70418285369441946","1154","8.3840285471184934352","7624","3983585280","115380224"
"10/02/2026 02:23:18.781","6.6843500866551125374e-005","6.9220613287904609722e-005","2","127.22578094395194626","1154","11.251475800463994759","7609","3986145280","119881728"
"10/02/2026 02:23:20.790","5.7966097240473059282e-005","5.8539033942558748095e-005","1","126.17641623083510183","1154","17.178318739373445112","7604","3988353024","136953856"
"10/02/2026 02:23:22.812","4.6185232067510545656e-005","4.6308516020236087363e-005","1","104.32143182967995187","1154","7.5248644307903127526","7611","3988242432","141389824"
"10/02/2026 02:23:24.817","6.6000178890876563765e-005","7.0496283185840713991e-005","0","96.230015844414069193","1154","8.8560349881147022444","7616","3989286912","145330176"
"10/02/2026 02:23:26.832","6.2854020979020974996e-005","6.4908747855917664905e-005","1","98.204916090394021921","1154","10.961378966628675613","7599","3989327872","155422720"
"10/02/2026 02:23:28.852","6.3926595744680852151e-005","6.6470209059233444906e-005","1","114.12880881368312203","1154","11.586208071308156775","7590","3989045248","157462528"
"10/02/2026 02:23:30.871","6.7714361702127663341e-005","6.8804912280701746976e-005","1","94.567328806173193811","1154","12.465311193436567905","7584","3970719744","162140160"
"10/02/2026 02:23:32.877","6.4991014975041594176e-005","6.5918092105263155793e-005","0","105.59004318549875734","1154","11.254343893124874043","7596","3990753280","164335616"
"10/02/2026 02:23:34.894","5.9887311178247731446e-005","6.1030194319880421263e-005","1","98.650190114068436742","1154","9.2330046046146243555","7652","3990523904","97251328"
"10/02/2026 02:23:36.908","6.4431088082901561776e-005","6.5342294520547936228e-005","0","99.968988068186192208","1154","8.9230550176105261073","7657","3992014848","97255424"
"10/02/2026 02:23:38.924","6.4069595782073807859e-005","6.4330769230769240083e-005","0","111.72926600974329858","1154","11.133191251186158155","7633","3992969216","99868672"
"10/02/2026 02:23:40.938","6.3121404109589034017e-005","6.3455802047781564249e-005","2","104.65434696740625498","1154","9.4279580635998279092","7632","3993653248","105562112"
"10/02/2026 02:23:42.953","6.1465798611111115038e-005","6.1855709342560557e-005","1","118.53661176892180151","1154","11.474568991439070942","7630","3995090944","105807872"
"10/02/2026 02:23:44.960","6.5890310786106032377e-005","6.626083788706739247e-005","0","107.83507921745231783","1154","6.6439482508030556218","7640","3994898432","110333952"
"10/02/2026 02:23:46.974","6.6025177304964539297e-005","6.6025177304964539297e-005","1","99.227090313594104032","1154","8.669572807781843693","7625","3993985024","110309376"
"10/02/2026 02:23:48.988","6.3483063063063074243e-005","6.476405693950178428e-005","0","107.34804788042298185","1154","10.334008187614118768","7604","3995987968","112971776"
"10/02/2026 02:23:51.008","6.0631986531986536981e-005","6.2619633943427623849e-005","0","128.64839666522809125","1154","9.9060719218110993012","7618","3996012544","120139776"
"10/02/2026 02:23:53.025","6.4847329650092092566e-005","6.505533088235293613e-005","0","104.44735094348047255","1154","14.630028857642486173","7631","4001136640","122388480"
"10/02/2026 02:23:55.040","6.4952667814113603417e-005","6.5254373927958836898e-005","0","113.05666791250645531","1154","8.4617373964924080809","7637","4002025472","126447616"
"10/02/2026 02:23:57.053","6.5252102376599634159e-005","6.5825636363636374463e-005","1","103.17782781237528411","1154","9.4598008449901076489","7623","4001632256","126066688"
"10/02/2026 02:23:59.074","6.2995563139931742814e-005","6.4652684563758385222e-005","1","119.82580767193765325","1154","10.136784138310773073","7618","4002508800","129318912"
"10/02/2026 02:24:01.090","6.3816809605488850955e-005","6.4666326530612248794e-005","1","95.548050786422876968","1154","12.538161328864404709","7627","4002988032","136577024"
"10/02/2026 02:24:03.108","6.3296347826086955118e-005","6.3470486111111108708e-005","0","99.219741762760293113","1154","12.923587587105412666","7627","4002676736","140161024"
"10/02/2026 02:24:05.121","6.3663101604278068057e-005","6.6697163120567375593e-005","0","115.40727013416909585","1154","7.9828660706967031757","7664","4003823616","91373568"
"10/02/2026 02:24:07.138","6.5962694300518136411e-005","6.8582967959527826873e-005","0","98.336390119199791116","1154","10.05564450761602302","7666","4004732928","94892032"
"10/02/2026 02:24:09.158","4.4970709570957090675e-005","4.4970709570957090675e-005","1","112.31077584348001608","1154","9.7720888276293660368","7668","4005072896","101691392"
"10/02/2026 02:24:11.182","6.4624581005586601663e-005","6.4881412639405207018e-005","1","109.2094755288521668","1154","8.1180935073298492455","7639","3987046400","101691392"
"10/02/2026 02:24:13.198","6.530897666068222467e-005","6.530897666068222467e-005","1","110.95816366104324402","1154","10.969415596995780504","7665","4005457920","104951808"
"10/02/2026 02:24:15.221","6.5207001795332140211e-005","6.5207001795332140211e-005","1","105.44804600166648356","1154","8.3760464672518626372","7643","4005933056","104955904"
"10/02/2026 02:24:17.237","6.8829865125240855721e-005","6.8829865125240855721e-005","1","103.5055023046506335","1154","8.925939727154673875","7655","4006670336","107450368"
"10/02/2026 02:24:19.258","5.9907540983606559005e-005","6.1347756410256418821e-005","1","120.79322021840430068","1154","9.6161164327292496523","7632","4006776832","113860608"
"10/02/2026 02:24:21.266","5.7169650349650347871e-005","5.8185200553250343613e-005","0","135.75900650983874129","1154","12.703381091617593768","7482","4006612992","113823744"
"10/02/2026 02:24:23.283","6.4506386861313866452e-005","6.4747358834244079172e-005","2","115.7100757142657983","1154","10.696155964946497008","7588","4006694912","132464640"
"10/02/2026 02:24:25.305","6.4946983546617913382e-005","6.5671143375680592611e-005","1","103.11864028134098703","1154","10.0214413364836048","7614","4008259584","135450624"
"10/02/2026 02:24:27.324","6.456765799256506354e-005","6.7611688311688313154e-005","1","106.61343550824626902","1154","8.8808774238417491631","7629","4008214528","148697088"
"10/02/2026 02:24:29.332","6.3633272394881179243e-005","9.6560242424242420612e-005","0","143.90260624519410726","1154","15.99165442426528827","7599","4008988672","155336704"
"10/02/2026 02:24:31.352","6.4057606837606830366e-005","8.0905067064083451976e-005","0","93.107539836295828195","1154","12.197435106866416632","7613","4010987520","152944640"
"10/02/2026 02:24:33.356","6.7165753424657526614e-005","6.7514846416382259288e-005","0","104.94815403155126887","1154","11.258093715444527305","7583","4010774528","152465408"
"10/02/2026 02:24:35.377","6.5185762144053603748e-005","6.7433060556464807138e-005","1","102.46475858170926188","1154","16.864521372267770261","7640","4010778624","97939456"
"10/02/2026 02:24:37.385","6.7592678571428579481e-005","7.1300872600349045382e-005","0","89.246340340647535072","1154","13.461104293158820511","7657","4011225088","102129664"
"10/02/2026 02:24:39.403","6.2608258527827652753e-005","6.3976334519572956535e-005","1","107.48319005929036507","1154","11.898262421637252118","7640","4011560960","110415872"
"10/02/2026 02:24:41.411","6.5581986531986535328e-005","6.5581986531986535328e-005","1","89.138846251840988089","1154","12.685076340940803163","7624","4012302336","110354432"
"10/02/2026 02:24:43.433","6.6809778597785979249e-005","6.6809778597785979249e-005","0","109.04914478084779716","1154","7.8744598042004838589","7616","4012142592","111464448"
"10/02/2026 02:24:45.450","6.2925423728813563613e-005","6.3123350253807116654e-005","1","102.19753105834250562","1154","15.20937649742774056","7608","4012388352","115081216"
"10/02/2026 02:24:47.472","6.7318750000000006622e-005","6.7435472370766478818e-005","0","95.292038227391756777","1154","12.09306797280751411","7617","4014448640","118972416"
"10/02/2026 02:24:49.492","6.4236915077989605776e-005","6.6447773972602732742e-005","0","105.84145279012886931","1154","12.252832142536561832","7610","4013834240","125562880"
"10/02/2026 02:24:51.499","6.1178170478170482843e-005","8.0589506172839506801e-005","0","125.8341414860371259","1154","12.261355358988723196","7526","3982536704","124526592"
"10/02/2026 02:24:53.512","0.0006613155963302753005","0.0007845347107438017378","0","120.49308847153085367","1154","11.808780562206377951","7571","4022546432","112287744"
"10/02/2026 02:24:55.543","8.1069237217099742636e-005","9.0893749999999996899e-005","0","120.4283356185354279","1154","22.127693409777393185","7478","4027228160","114991104"
"10/02/2026 02:24:57.567","6.8001624815361885854e-005","7.5154055994256993567e-005","0","123.00532185675400854","1154","29.550988474775309101","7450","4030808064","118308864"
"10/02/2026 02:24:59.579","0.00062013914893617016599","0.00061567925311203323003","0","108.3415314225088224","1154","24.663573753285117363","7392","4031807488","117952512"
"10/02/2026 02:25:01.597","0.00010097628865979382535","0.00010110965092402463905","1","87.719100203158788531","1154","23.36350189682377021","7422","4032798720","125550592"
"10/02/2026 02:25:03.608","5.7905263157894742369e-005","5.8127725437415881987e-005","2","99.53906149674047299","1154","19.231297700202055978","7460","4032544768","81678336"
"10/02/2026 02:25:05.619","5.649255455712451254e-005","5.6798081841432225374e-005","0","100.94523442690149295","1154","22.242627664555936207","7439","4032593920","82124800"
"10/02/2026 02:25:07.633","5.5361949265687581128e-005","5.5489199999999997207e-005","0","114.85611239502023295","1154","13.998054803117076617","7451","4033093632","85405696"
"10/02/2026 02:25:09.644","5.6494018205461638601e-005","5.8058301158301156238e-005","1","118.27892948261080619","1154","14.148701695910737897","7434","4031778816","91082752"
"10/02/2026 02:25:11.657","5.8406460296096901984e-005","5.8406460296096901984e-005","2","110.0847258296454072","1154","16.821460705578196837","7441","4033884160","91086848"
"10/02/2026 02:25:13.666","5.6306422018348624555e-005","9.808579088471849471e-005","0","129.06574841540711418","1154","14.96358721256097013","7432","4034957312","91213824"
"10/02/2026 02:25:15.680","5.6264575163398694796e-005","6.8107709750566888807e-005","0","115.89128320200923383","1154","13.056164536289415423","7413","4036214784","118755328"
"10/02/2026 02:25:17.690","5.7926975476839231689e-005","7.7480249716231562834e-005","4","109.34485535217697816","1154","20.351826648886717663","7435","4036517888","126242816"
"10/02/2026 02:25:19.701","5.6566927083333333427e-005","9.146838521400778581e-005","1","125.60054384510057446","1154","17.023134263023131041","7422","4036722688","132706304"
"10/02/2026 02:25:21.711","5.2513641133263378802e-005","0.00012597546699875467524","0","139.46936342547761001","1154","17.543333425854378049","7295","4037099520","132698112"
"10/02/2026 02:25:23.725","5.6830749354005167368e-005","6.4897218863361555647e-005","1","117.38172829720858203","1154","13.272914758412191816","7395","4037693440","153128960"
"10/02/2026 02:25:25.735","5.8196391752577321139e-005","6.4700121654501224896e-005","1","111.74060123038438519","1154","17.301356669154298373","7375","4037664768","176881664"
"10/02/2026 02:25:27.750","5.6930423940149626301e-005","5.7819999999999998675e-005","0","109.06108564674680395","1154","18.292582696959811983","7390","4037885952","179425280"
"10/02/2026 02:25:29.763","5.6314207650273227323e-005","5.7736820652173912805e-005","2","113.88374655914866196","1154","15.105559620284870093","7365","4038127616","179367936"
"10/02/2026 02:25:31.775","5.5379949238578683485e-005","5.6267336683417082572e-005","0","102.48761469417661374","1154","17.882457996898935448","7387","4039331840","184684544"
"10/02/2026 02:25:33.788","5.8711260053619305208e-005","5.9082219251336895037e-005","1","120.56431698018481313","1154","14.405429836571393309","7461","4039380992","100478976"
"10/02/2026 02:25:35.799","5.9839974126778787541e-005","6.0397304236200256313e-005","1","114.92191661174251749","1154","14.965897164231812155","7454","4039585792","103493632"
"10/02/2026 02:25:37.809","5.3218457648546145815e-005","5.4533915211970080566e-005","0","111.72331300546765931","1154","15.934531022337694139","7460","4039426048","108199936"
"10/02/2026 02:25:39.820","5.685340453938584872e-005","5.7789564068692204945e-005","1","118.69201703288797489","1154","15.134266950633779913","7438","4040323072","108187648"
"10/02/2026 02:25:41.834","5.7578231292517009429e-005","5.7578231292517009429e-005","0","108.5601104653379565","1154","13.456277983429798084","7457","4040306688","114159616"
"10/02/2026 02:25:43.844","5.3716934487021014103e-005","5.4807203907203905452e-005","1","123.16485933970413669","1154","15.4454938188841151","7439","4041207808","114147328"
"10/02/2026 02:25:45.858","5.7395467422096317189e-005","5.8033473980309426379e-005","0","112.30165206521679977","1154","13.90648833619473379","7441","4041437184","117444608"
"10/02/2026 02:25:47.869","5.7737252311756936376e-005","5.8288990825688072491e-005","1","111.39673469387754778","1154","15.769494034608422695","7417","4041646080","119869440"
"10/02/2026 02:25:49.879","5.4772527472527472009e-005","5.5180711354309167418e-005","1","117.94555005009070214","1154","14.891534221571788521","7427","4042350592","125374464"
"10/02/2026 02:25:51.894","5.6068406961178046547e-005","5.7710671936758893498e-005","3","120.73059126496815452","1154","17.043728039666561358","7427","4042813440","125374464"
"10/02/2026 02:25:53.904","5.7254060913705589011e-005","5.7254060913705589011e-005","1","119.95770294946306933","1154","13.664480021590408754","7410","4042665984","127938560"
"10/02/2026 02:25:55.916","5.4858102766798423481e-005","5.5372643979057590896e-005","0","116.41748006449083164","1154","15.123226601857876261","7411","4042780672","131506176"
"10/02/2026 02:25:57.929","5.5262099871959030931e-005","5.5262099871959030931e-005","1","120.64058029215401291","1154","13.016629988652528738","7384","4043005952","134934528"
"10/02/2026 02:25:59.943","5.6304736842105263591e-005","5.6465308804204987676e-005","1","116.88712758555253401","1154","17.517580854196079798","7377","4044738560","137297920"
"10/02/2026 02:26:01.957","5.7734048257372652863e-005","5.8265420560747663693e-005","1","97.626659407505044896","1154","19.435175737301978671","7394","4044558336","142020608"
"10/02/2026 02:26:03.968","5.6283378746594006734e-005","5.6892828146143434428e-005","0","122.87645681371625983","1154","15.255387937999120851","7432","4045742080","99778560"
"10/02/2026 02:26:05.981","5.9016194331983805798e-005","5.9731451612903223422e-005","0","104.21385354765065756","1154","15.177468198563682122","7450","4046209024","104124416"
"10/02/2026 02:26:07.991","5.8004022191400832437e-005","5.8261964038727519037e-005","0","118.28373147835188206","1154","13.080821528518438157","7438","4046340096","107495424"
"10/02/2026 02:26:10.004","5.6123373173970780598e-005","5.8492026143790848934e-005","0","118.96863595169863004","1154","17.987648620438324798","7442","4045975552","113893376"
"10/02/2026 02:26:12.013","5.7851967435549522735e-005","5.802127371273713293e-005","0","113.77585263443044994","1154","14.846689757316344327","7441","4046057472","113844224"
"10/02/2026 02:26:14.024","6.0237931034482758213e-005","6.0237931034482758213e-005","0","118.34813053641114777","1154","15.687181208958234535","7410","4046266368","113840128"
"10/02/2026 02:26:16.032","5.8897475455820475301e-005","5.8995238095238098795e-005","1","112.82748475788174858","1154","14.108236716068722316","7395","4045144064","118181888"
"10/02/2026 02:26:18.044","5.590378890392421889e-005","5.6609772423025436501e-005","1","109.20067008532275565","1154","14.757616915256487999","7389","4048121856","122007552"
"10/02/2026 02:26:20.057","5.7163672391017174323e-005","5.8470273794002614271e-005","0","121.02653983557870276","1154","18.818298961329706032","7390","4048158720","129155072"
"10/02/2026 02:26:22.070","5.0835306553911206371e-005","5.1729707112970714966e-005","1","136.11596494578856209","1154","16.107851198231248446","7253","4049149952","129019904"
"10/02/2026 02:26:24.080","5.6664993394980185638e-005","5.718186596583443393e-005","0","117.58968301146727242","1154","15.249767177892515235","7356","4049195008","144830464"
"10/02/2026 02:26:26.091","5.8707547169811323973e-005","5.9102419354838714081e-005","0","113.60461960123203085","1154","15.300050258175900808","7361","4049403904","152113152"
"10/02/2026 02:26:28.105","5.6996457765667576858e-005","5.8829891304347820967e-005","1","112.46602498891409994","1154","13.988092208643598369","7360","4049543168","155402240"
"10/02/2026 02:26:30.115","5.7375866851595006728e-005","5.7649515905947441548e-005","2","111.00433943611095344","1154","14.948678670416615688","7348","4049780736","160522240"
"10/02/2026 02:26:32.128","5.780384615384614994e-005","5.8740054869684496552e-005","0","110.03659134588767188","1154","20.936560555571393394","7350","4049068032","160051200"
"10/02/2026 02:26:34.139","0.00010614802867383513055","0.00010788727915194346919","0","113.3423357000737326","1154","15.620540104277115034","7408","4049211392","100470784"
"10/02/2026 02:26:36.151","5.7309350649350650187e-005","5.9183850129198969697e-005","0","113.48720896549227177","1154","15.843354627698523984","7422","4051738624","105504768"
"10/02/2026 02:26:38.163","5.6977515527950312166e-005","5.7482694684796045801e-005","2","93.926865658732353381","1154","17.599855386013175007","7402","4051222528","108355584"
"10/02/2026 02:26:40.179","5.6419354838709674313e-005","5.6653796653796649767e-005","1","103.52684272501616647","1154","13.896820364729611796","7409","4051050496","114130944"
"10/02/2026 02:26:42.189","5.6470648030495550012e-005","5.6611167512690354795e-005","0","96.116844610801877025","1154","17.855665048498771341","7409","4050976768","114016256"
"10/02/2026 02:26:44.204","5.6277592371871271713e-005","5.6747274881516587049e-005","1","103.65184230147880839","1154","14.96947262523112876","7392","4053393408","114028544"
"10/02/2026 02:26:46.216","5.0905212014134277438e-005","5.2596472663139330085e-005","1","101.89588846255622911","1154","13.429233679738139529","7382","4033544192","115052544"
"10/02/2026 02:26:48.236","5.4448563611491107323e-005","5.4608743169398907291e-005","0","116.52758886470802224","1154","9.426589238017058392","7397","4052811776","118956032"
"10/02/2026 02:26:50.252","5.1485245901639341325e-005","5.1485245901639341325e-005","0","127.04101612695964718","1154","9.6330594248228873511","7398","4053102592","126369792"
"10/02/2026 02:26:52.271","3.6830968622100955447e-005","4.5810152621101524249e-005","0","172.60273583882087678","1154","16.331347790540995391","7282","3996381184","125218816"
"10/02/2026 02:26:54.280","8.5280401234567892489e-005","0.0001065337777777777752","1","124.88605339990691334","1154","19.758216900030976859","7415","4061822976","117465088"
"10/02/2026 02:26:56.290","8.3375429726996968085e-005","8.6492504930966475352e-005","0","123.46492358681642543","1154","26.276363855210149723","7403","4063899648","121499648"
"10/02/2026 02:26:58.306","0.0016546499999999999143","0.0016546499999999999143","0","102.55718158964015174","1154","20.928564341321365561","7393","4063682560","123973632"
"10/02/2026 02:27:00.333","7.0348051948051950732e-005","7.0531412103746397683e-005","0","95.222295800610311289","1154","18.984312402063519443","7382","4064657408","132055040"
"10/02/2026 02:27:02.348","5.6622192866578597951e-005","5.6622192866578597951e-005","1","103.41797722781899438","1154","18.551822617583969333","7391","4064043008","131891200"
"10/02/2026 02:27:04.359","5.3803731343283580963e-005","5.3893291925465843298e-005","2","139.68703922182359634","1154","16.499904677844668299","7451","4064763904","84492288"
"10/02/2026 02:27:06.370","5.8591847826086952981e-005","5.9225135135135133864e-005","1","113.17333463705055863","1154","13.192282663172093748","7445","4064223232","87478272"
"10/02/2026 02:27:08.382","5.6932082794307891391e-005","5.7710128205128209959e-005","0","113.38439504466599317","1154","14.962960319552143673","7441","4064444416","90996736"
"10/02/2026 02:27:10.392","5.7145931034482754613e-005","5.7145931034482754613e-005","1","118.17626671981574304","1154","13.432443316891840013","7443","4064800768","96681984"
"10/02/2026 02:27:12.403","6.0135685210312073612e-005","6.0688513513513509792e-005","1","105.9216923236946144","1154","14.81775606836396264","7429","4065050624","96673792"
"10/02/2026 02:27:14.415","5.7311065573770494615e-005","5.9395361527967261252e-005","2","121.24098844672657549","1154","18.154171500175319665","7429","4066160640","96735232"
"10/02/2026 02:27:16.425","5.907202797202797985e-005","5.907202797202797985e-005","1","114.69588958417556057","1154","14.004501810155900898","7437","4066533376","100032512"
"10/02/2026 02:27:18.434","5.6970081967213112388e-005","5.7981732070365352941e-005","1","122.59434702957341301","1154","13.796990685217270567","7419","4066668544","103432192"
"10/02/2026 02:27:20.444","5.5084553928095873125e-005","5.5804774535809014097e-005","2","123.59864978138239167","1154","12.881474112308843871","7439","4065959936","108912640"
"10/02/2026 02:27:22.455","5.3985189189189195717e-005","5.4714623655913978558e-005","1","138.92071598390637632","1154","17.822058857385247421","7283","4066181120","108916736"
"10/02/2026 02:27:24.468","5.4405019815059449449e-005","5.4549340369393140894e-005","1","111.18056664006384437","1154","14.031630903688851575","7400","4065976320","121966592"
"10/02/2026 02:27:26.479","5.6441482444733418074e-005","5.6441482444733418074e-005","1","117.47119128894749451","1154","14.995051165306993113","7407","4066734080","142733312"
"10/02/2026 02:27:28.493","5.5270972037283615404e-005","5.5423670212765962638e-005","0","121.23250980434062285","1154","13.171560874942588981","7388","4066840576","146833408"
"10/02/2026 02:27:30.504","5.8924736842105262223e-005","5.9122280471821752983e-005","0","113.61258186733684283","1154","15.610086162623682426","7388","4068290560","152530944"
"10/02/2026 02:27:32.516","5.7512450331125824902e-005","5.7987994722955141019e-005","0","103.61160113405308891","1154","15.938624951503854277","7392","4069670912","157073408"
"10/02/2026 02:27:34.527","5.8397542043984482327e-005","5.8397542043984482327e-005","1","118.88233788832590676","1154","16.13027770156576679","7431","4069851136","100167680"
"10/02/2026 02:27:36.540","5.5814540816326534253e-005","5.627705956907478078e-005","1","117.03932160804019702","1154","15.745195031562641219","7443","4071124992","105820160"
"10/02/2026 02:27:38.549","5.8008478802992524724e-005","5.8424287484510530207e-005","0","119.43104009153523748","1154","13.731221094495715818","7434","4071358464","109314048"
"10/02/2026 02:27:40.561","5.7597218543046362104e-005","5.7597218543046362104e-005","0","124.23815994226562509","1154","13.125311517092718816","7437","4070739968","114688000"
"10/02/2026 02:27:42.571","5.2956589147286822479e-005","0.00010687075630252100165","0","119.88127587362322402","1154","13.858494805468557942","7325","4070932480","114577408"
"10/02/2026 02:27:44.584","5.6420990873533247167e-005","0.00010877384969325153326","0","116.35105936647786962","1154","15.419577743741719189","7300","4070703104","114581504"
"10/02/2026 02:27:46.593","5.3165481171548118269e-005","5.431138716356107368e-005","0","126.47033609019622702","1154","17.034427268069773476","7302","4070887424","119341056"
"10/02/2026 02:27:48.606","5.7866666666666672801e-005","5.9435606060606054773e-005","1","116.12104087334492419","1154","14.297344757823736927","7293","4070342656","116076544"
"10/02/2026 02:27:50.616","5.5843875000000000718e-005","6.1771153846153849546e-005","0","124.70140917075930531","1154","12.493889311024663158","7291","4070932480","121315328"
"10/02/2026 02:27:52.628","5.4761997405966283297e-005","5.6307006369426749928e-005","0","126.56852437912353082","1154","18.051107875631700495","7287","4071043072","121298944"
"10/02/2026 02:27:54.640","5.1821728081321473815e-005","5.2535435056746532777e-005","0","120.40317809487973477","1154","12.782747502216496471","7281","4070379520","121294848"
"10/02/2026 02:27:56.653","5.5315809768637535149e-005","5.5415532734274707482e-005","0","125.31809293577939002","1154","14.995415993896143547","7272","4070744064","126128128"
"10/02/2026 02:27:58.663","5.6452337662337666649e-005","5.8598212005108554258e-005","1","116.46537051893099601","1154","12.885824328340989453","7262","4071346176","130359296"
"10/02/2026 02:28:00.675","5.8307804232804236037e-005","5.9145000000000003777e-005","0","110.24495434069598332","1154","16.135833411523726966","7258","4071833600","135180288"
"10/02/2026 02:28:02.687","5.6933163265306119261e-005","5.9643757881462799064e-005","1","109.95759562102986706","1154","17.322028936600496252","7268","4072816640","134610944"
"10/02/2026 02:28:04.697","5.5096805896805895223e-005","5.6649516908212555529e-005","2","118.75203336926888653","1154","12.402845532581107335","7304","4074618880","91348992"
"10/02/2026 02:28:06.707","5.629154040404040529e-005","5.7535375000000003073e-005","0","126.12399636119131685","1154","16.866386036835290696","7306","4075343872","99618816"
"10/02/2026 02:28:08.716","5.546270753512133069e-005","5.5718471337579620337e-005","1","119.43638264168022545","1154","12.567455232117652031","7287","4076347392","104157184"
"10/02/2026 02:28:10.729","5.597211796246648769e-005","5.6440800000000003478e-005","0","120.33588958787454715","1154","13.266209747336365155","7304","4077412352","109826048"
"10/02/2026 02:28:12.739","5.9109249329758715714e-005","5.9274564926372156628e-005","1","111.37633545974118476","1154","13.991679643176734515","7298","4076904448","109703168"
"10/02/2026 02:28:14.751","5.8344223107569720725e-005","5.8694437086092719671e-005","1","116.79281462035314121","1154","13.203420755013672405","7291","4076986368","109809664"
"10/02/2026 02:28:16.765","5.8044791666666665272e-005","5.8120416124837454388e-005","0","126.00143452233164965","1154","17.056671474250194365","7271","4075663360","113405952"
"10/02/2026 02:28:18.773","5.5335904255319146516e-005","5.5335904255319146516e-005","0","125.5744863786176353","1154","13.6590586619347647","7265","4076744704","115810304"
"10/02/2026 02:28:20.786","5.8484090909090915037e-005","5.9012649800266305455e-005","1","115.61037917386455831","1154","12.289168352727275035","7271","4076994560","123678720"
"10/02/2026 02:28:22.797","5.181147880041364639e-005","5.3359634888438136453e-005","1","134.65568051696743623","1154","16.354396540468929544","7099","4076904448","123666432"
"10/02/2026 02:28:24.805","5.169744835965977989e-005","6.4547374301675975025e-005","1","138.47167376492507174","1154","17.672416689275259216","7205","4075155456","137134080"
"10/02/2026 02:28:26.818","5.6091160220994473631e-005","5.6620495185694637362e-005","1","121.38133021816305757","1154","15.291126364872253518","7235","4073574400","147603456"
"10/02/2026 02:28:28.828","5.6112369791666669334e-005","5.6472150259067359021e-005","2","110.29392510063838984","1154","15.336125935251732955","7237","4073607168","149229568"
"10/02/2026 02:28:30.840","5.5834330484330481857e-005","5.6388826025459685054e-005","2","105.68977368699162867","1154","16.615454631942895958","7229","4073861120","153563136"
"10/02/2026 02:28:32.849","5.567271540469973239e-005","5.5773402868318128797e-005","2","104.99109716388105085","1154","15.530304312074694195","7246","4074045440","153260032"
"10/02/2026 02:28:34.863","5.8909831460674163541e-005","5.9091865357643764956e-005","2","112.93555739393222836","1154","13.183569089688473852","7289","4074553344","90148864"
"10/02/2026 02:28:36.876","5.4622080924855493831e-005","5.626306098964326723e-005","1","106.80967823298382768","1154","14.917801159928545829","7249","4075446272","92164096"
"10/02/2026 02:28:38.895","5.6393942992874108197e-005","5.7068085106382976596e-005","2","100.74995562250826708","1154","16.68765860726473349","7244","4075884544","95485952"
"10/02/2026 02:28:40.911","5.491117511520737229e-005","5.5073678160919543683e-005","0","106.82025582541892561","1154","12.547281525815101588","7255","4077064192","101560320"
"10/02/2026 02:28:42.925","5.6525622775800715312e-005","5.6525622775800715312e-005","0","95.999943322545718161","1154","14.435750463523744358","7252","4077150208","101433344"
"10/02/2026 02:28:44.934","5.2196280991735541897e-005","5.3404426229508196043e-005","1","102.02778497409326519","1154","12.776758811080590306","7251","4077891584","102592512"
"10/02/2026 02:28:46.954","4.9695771670190269241e-005","5.1689874739039665206e-005","0","113.04236570624706815","1154","11.84474539500458512","7234","4058775552","102105088"
"10/02/2026 02:28:48.963","6.2777583187390549341e-005","6.6432705479452054871e-005","1","104.81360162929092894","1154","12.52487320329221987","7240","4069556224","102367232"
"10/02/2026 02:28:50.972","4.3008093126385813117e-005","4.328451327433628312e-005","0","157.42881443262587027","1154","9.1504957321315352203","7465","4025319424","106770432"
"10/02/2026 02:28:52.988","3.5335259740259743037e-005","3.6473607512953362903e-005","0","140.66939746949975643","1154","15.146432582654378862","7462","4004302848","112959488"
"10/02/2026 02:28:55.115","3.3847813973424771268e-005","3.4535535599743423887e-005","1","126.16500178557257072","1154","14.211200769300003088","7468","3984748544","115023872"
"10/02/2026 02:28:57.162","3.5056105512744515035e-005","3.7903966844286563495e-005","0","134.26992794360634775","1154","14.010182011629623844","7478","3935604736","114782208"
"10/02/2026 02:28:59.188","7.6123519736842108437e-005","7.64954098360655756e-005","0","132.14975584817096887","1154","17.750845224419730783","7499","3938136064","117362688"
