step	try	exit	verdict	power_start	power_end	t0	t1
win-timing	1	0	VALID	AC 93	AC 94	1791340717	1791341015
win-e2e-timing	1	0	VALID	AC 94	AC 98	1791341016	1791342214
win-x11-alone	1	0	VALID	AC 98	AC 98	1791342216	1791342708
win-race	1	0	VALID	AC 98	AC 100	1791342709	1791344121
bundles	1	0	VALID	AC 100	AC 100	1791344125	1791344190
linux-timing	1	1	VALID	AC 100	AC 100	1791344193	1791344469
linux-e2e-timing	1	1	VALID	AC 100	AC 100	1791344471	1791345330
linux-tree	1	0	VALID	AC 100	AC 100	1791345332	1791346618
linux-e2e	1	0	VALID	AC 100	AC 100	1791346619	1791348553
linux-child	1	0	VALID	AC 100	AC 100	1791348555	1791348829
c51-win	1	0	VALID	AC 100	AC 100	1791348834	1791349102
c51-linux	1	1	VALID	AC 100	AC 100	1791349104	1791349271
release-check	1	0	VALID	AC 100	AC 100	1791349294	1791355229
c52-win-observer	1	0	VALID	AC 100	AC 100	1791355236	1791358790
c52-win-store	1	0	VALID	AC 100	AC 100	1791358793	1791361998
c52-win-checkpoint	1	0	VALID	AC 100	AC 100	1791362001	1791364474
c52-win-other	1	0	VALID	AC 100	AC 100	1791364476	1791366174
c52-linux-observer	1	0	VALID	AC 100	AC 100	1791366176	1791369220
c52-linux-store	1	0	VALID	AC 100	AC 100	1791369223	1791372894
